<?xml version="1.0" encoding="UTF-8"?>
<metadata xml:lang="es"><Esri><CreaDate>20230120</CreaDate><CreaTime>10145600</CreaTime><ArcGISFormat>1.0</ArcGISFormat><SyncOnce>FALSE</SyncOnce><DataProperties><lineage><Process ToolSource="c:\program files (x86)\arcgis\desktop10.3\ArcToolbox\Toolboxes\Data Management Tools.tbx\AddXY" Date="20181128" Time="105938">AddXY mf09_estac_meteo</Process><Process ToolSource="c:\program files (x86)\arcgis\desktop10.3\ArcToolbox\Toolboxes\Data Management Tools.tbx\CalculateField" Date="20181128" Time="111659">CalculateField mf09_estac_meteo Organismo "AEMET" VB #</Process><Process ToolSource="c:\program files (x86)\arcgis\desktop10.3\ArcToolbox\Toolboxes\Data Management Tools.tbx\CalculateField" Date="20181128" Time="111952">CalculateField mf09_estac_meteo Organismo "CMA" VB #</Process><Process ToolSource="c:\program files (x86)\arcgis\desktop10.3\ArcToolbox\Toolboxes\Data Management Tools.tbx\CalculateField" Date="20181128" Time="112125">CalculateField mf09_estac_meteo Organismo "CMA" VB #</Process><Process ToolSource="c:\program files (x86)\arcgis\desktop10.3\ArcToolbox\Toolboxes\Data Management Tools.tbx\CalculateField" Date="20181128" Time="112441">CalculateField mf09_estac_meteo Organismo "RED CMA" VB #</Process><Process ToolSource="c:\program files (x86)\arcgis\desktop10.3\ArcToolbox\Toolboxes\Data Management Tools.tbx\CalculateField" Date="20181128" Time="112604">CalculateField mf09_estac_meteo Organismo "CETURSA" VB #</Process><Process ToolSource="c:\program files (x86)\arcgis\desktop10.3\ArcToolbox\Toolboxes\Data Management Tools.tbx\CalculateField" Date="20181128" Time="114353">CalculateField mf09_estac_meteo Organismo "GLORIA" VB #</Process><Process ToolSource="c:\program files (x86)\arcgis\desktop10.3\ArcToolbox\Toolboxes\Data Management Tools.tbx\CalculateField" Date="20181128" Time="114543">CalculateField mf09_estac_meteo Organismo "AEMET" VB #</Process><Process ToolSource="c:\program files (x86)\arcgis\desktop10.3\ArcToolbox\Toolboxes\Data Management Tools.tbx\CalculateField" Date="20181128" Time="114633">CalculateField mf09_estac_meteo Organismo "CMAOT" VB #</Process><Process ToolSource="c:\program files (x86)\arcgis\desktop10.3\ArcToolbox\Toolboxes\Data Management Tools.tbx\CalculateField" Date="20181128" Time="115033">CalculateField mf09_estac_meteo Organismo "GLORIA" VB #</Process><Process ToolSource="c:\program files (x86)\arcgis\desktop10.3\ArcToolbox\Toolboxes\Data Management Tools.tbx\CalculateField" Date="20181128" Time="115250">CalculateField mf09_estac_meteo Organismo "INTA" VB #</Process><Process ToolSource="c:\program files (x86)\arcgis\desktop10.3\ArcToolbox\Toolboxes\Data Management Tools.tbx\CalculateField" Date="20181128" Time="115353">CalculateField mf09_estac_meteo Organismo "CMA (Pruebas)" VB #</Process><Process ToolSource="c:\program files (x86)\arcgis\desktop10.3\ArcToolbox\Toolboxes\Data Management Tools.tbx\CalculateField" Date="20181128" Time="115416">CalculateField mf09_estac_meteo Organismo "CMA (Pruebas)" VB #</Process><Process ToolSource="c:\program files (x86)\arcgis\desktop10.3\ArcToolbox\Toolboxes\Data Management Tools.tbx\CalculateField" Date="20181128" Time="115720">CalculateField mf09_estac_meteo Organismo "Proyecto Guadalfeo" VB #</Process><Process ToolSource="c:\program files (x86)\arcgis\desktop10.3\ArcToolbox\Toolboxes\Data Management Tools.tbx\CalculateField" Date="20181128" Time="115818">CalculateField mf09_estac_meteo Organismo "RSCGPN" VB #</Process><Process ToolSource="c:\program files (x86)\arcgis\desktop10.3\ArcToolbox\Toolboxes\Data Management Tools.tbx\CalculateField" Date="20181128" Time="115856">CalculateField mf09_estac_meteo Organismo "RAA" VB #</Process><Process ToolSource="c:\program files (x86)\arcgis\desktop10.3\ArcToolbox\Toolboxes\Data Management Tools.tbx\CalculateField" Date="20181128" Time="120049">CalculateField mf09_estac_meteo Organismo "RAIF" VB #</Process><Process ToolSource="c:\program files (x86)\arcgis\desktop10.3\ArcToolbox\Toolboxes\Data Management Tools.tbx\CalculateField" Date="20181128" Time="120244">CalculateField mf09_estac_meteo Organismo "RIA" VB #</Process><Process ToolSource="c:\program files (x86)\arcgis\desktop10.3\ArcToolbox\Toolboxes\Data Management Tools.tbx\CalculateField" Date="20181128" Time="120317">CalculateField mf09_estac_meteo Organismo "CMAOT" VB #</Process><Process ToolSource="c:\program files (x86)\arcgis\desktop10.3\ArcToolbox\Toolboxes\Data Management Tools.tbx\CalculateField" Date="20181128" Time="120425">CalculateField mf09_estac_meteo Organismo "RENPSN" VB #</Process><Process ToolSource="c:\program files (x86)\arcgis\desktop10.3\ArcToolbox\Toolboxes\Data Management Tools.tbx\CalculateField" Date="20181128" Time="120448">CalculateField mf09_estac_meteo Organismo "GLORIA" VB #</Process><Process ToolSource="c:\program files (x86)\arcgis\desktop10.3\ArcToolbox\Toolboxes\Data Management Tools.tbx\CalculateField" Date="20181128" Time="120524">CalculateField mf09_estac_meteo Organismo "CMA (Pruebas)" VB #</Process><Process ToolSource="c:\program files (x86)\arcgis\desktop10.3\ArcToolbox\Toolboxes\Data Management Tools.tbx\CalculateField" Date="20181128" Time="120542">CalculateField mf09_estac_meteo Organismo "CMA (Pruebas)" VB #</Process><Process ToolSource="c:\program files (x86)\arcgis\desktop10.3\ArcToolbox\Toolboxes\Data Management Tools.tbx\CalculateField" Date="20181128" Time="123822">CalculateField mf09_estac_meteo ASIGNACION "LIBAR" VB #</Process><Process ToolSource="c:\program files (x86)\arcgis\desktop10.3\ArcToolbox\Toolboxes\Data Management Tools.tbx\CalculateField" Date="20181128" Time="132317">CalculateField mf09_estac_meteo ASIGNACION "Cañete" VB #</Process><Process ToolSource="c:\program files (x86)\arcgis\desktop10.3\ArcToolbox\Toolboxes\Data Management Tools.tbx\CalculateField" Date="20181128" Time="133632">CalculateField mf09_estac_meteo ASIGNACION "Gorda" VB #</Process><Process ToolSource="c:\program files (x86)\arcgis\desktop10.3\ArcToolbox\Toolboxes\Data Management Tools.tbx\CalculateField" Date="20181128" Time="153928">CalculateField mf09_estac_meteo Libar "Libar" VB #</Process><Process ToolSource="c:\program files (x86)\arcgis\desktop10.3\ArcToolbox\Toolboxes\Data Management Tools.tbx\CalculateField" Date="20181128" Time="154455">CalculateField mf09_estac_meteo Cañete "Cañete" VB #</Process><Process ToolSource="c:\program files (x86)\arcgis\desktop10.3\ArcToolbox\Toolboxes\Data Management Tools.tbx\CalculateField" Date="20181128" Time="155200">CalculateField mf09_estac_meteo Cañete "Cañete" VB #</Process><Process ToolSource="c:\program files (x86)\arcgis\desktop10.3\ArcToolbox\Toolboxes\Data Management Tools.tbx\CalculateField" Date="20181128" Time="155759">CalculateField mf09_estac_meteo Gorda "Gorda" VB #</Process><Process ToolSource="c:\program files (x86)\arcgis\desktop10.3\ArcToolbox\Toolboxes\Data Management Tools.tbx\CalculateField" Date="20181128" Time="163059">CalculateField mf09_estac_meteo Tejeda "Tejeda" VB #</Process><Process ToolSource="c:\program files (x86)\arcgis\desktop10.3\ArcToolbox\Toolboxes\Data Management Tools.tbx\CalculateField" Date="20181128" Time="164432">CalculateField mf09_estac_meteo Ayamonte "Ayamonte" VB #</Process><Process ToolSource="c:\program files (x86)\arcgis\desktop10.3\ArcToolbox\Toolboxes\Data Management Tools.tbx\CalculateField" Date="20181128" Time="170049">CalculateField mf09_estac_meteo Aroche "Aroche" VB #</Process><Process ToolSource="c:\program files (x86)\arcgis\desktop10.3\ArcToolbox\Toolboxes\Data Management Tools.tbx\CalculateField" Date="20181128" Time="172519">CalculateField mf09_estac_meteo Orce "Orce" VB #</Process><Process ToolSource="c:\program files (x86)\arcgis\desktop10.3\ArcToolbox\Toolboxes\Data Management Tools.tbx\CalculateField" Date="20181128" Time="173324">CalculateField mf09_estac_meteo Campo_de_T "Campo" VB #</Process><Process ToolSource="c:\program files (x86)\arcgis\desktop10.3\ArcToolbox\Toolboxes\Data Management Tools.tbx\CalculateField" Date="20181128" Time="173808">CalculateField mf09_estac_meteo Estancias "Estancias" VB #</Process><Process ToolSource="c:\program files (x86)\arcgis\desktop10.3\ArcToolbox\Toolboxes\Data Management Tools.tbx\CalculateField" Date="20181128" Time="175224">CalculateField mf09_estac_meteo Almagro "Almagro" VB #</Process><Process ToolSource="c:\program files (x86)\arcgis\desktop10.3\ArcToolbox\Toolboxes\Data Management Tools.tbx\CalculateField" Date="20181128" Time="192729">CalculateField mf09_estac_meteo Quesada "Quesada" VB #</Process><Process ToolSource="c:\program files (x86)\arcgis\desktop10.3\ArcToolbox\Toolboxes\Data Management Tools.tbx\CalculateField" Date="20190302" Time="110724">CalculateField mf09_estac_meteo NOMBRE "Centro" VB #</Process><Process ToolSource="c:\program files (x86)\arcgis\desktop10.3\ArcToolbox\Toolboxes\Data Management Tools.tbx\CalculateField" Date="20190302" Time="111228">CalculateField mf09_estac_meteo NOMBRE "Centro" VB #</Process><Process ToolSource="c:\program files (x86)\arcgis\desktop10.3\ArcToolbox\Toolboxes\Data Management Tools.tbx\AddXY" Date="20190302" Time="120459">AddXY mf09_estac_meteo</Process><Process ToolSource="c:\program files (x86)\arcgis\desktop10.3\ArcToolbox\Toolboxes\Data Management Tools.tbx\AddXY" Date="20190302" Time="120629">AddXY mf09_estac_meteo</Process><Process ToolSource="c:\program files (x86)\arcgis\desktop10.3\ArcToolbox\Toolboxes\Data Management Tools.tbx\AddXY" Date="20190302" Time="120736">AddXY mf09_estac_meteo</Process><Process ToolSource="c:\program files (x86)\arcgis\desktop10.3\ArcToolbox\Toolboxes\Data Management Tools.tbx\CalculateField" Date="20190401" Time="203509">CalculateField mf09_estac_meteo Libar "Otra" VB #</Process><Process ToolSource="c:\program files (x86)\arcgis\desktop10.3\ArcToolbox\Toolboxes\Data Management Tools.tbx\CalculateField" Date="20190401" Time="203627">CalculateField mf09_estac_meteo Libar "SEGURA" VB #</Process><Process ToolSource="c:\program files (x86)\arcgis\desktop10.3\ArcToolbox\Toolboxes\Data Management Tools.tbx\CalculateField" Date="20190401" Time="203645">CalculateField mf09_estac_meteo Libar "SEGURA" VB #</Process><Process ToolSource="c:\program files (x86)\arcgis\desktop10.3\ArcToolbox\Toolboxes\Data Management Tools.tbx\CalculateField" Date="20190401" Time="203705">CalculateField mf09_estac_meteo Libar "SEGURA" VB #</Process><Process ToolSource="c:\program files (x86)\arcgis\desktop10.3\ArcToolbox\Toolboxes\Data Management Tools.tbx\CalculateField" Date="20190401" Time="203738">CalculateField mf09_estac_meteo Libar "SEGURA" VB #</Process><Process ToolSource="c:\program files (x86)\arcgis\desktop10.3\ArcToolbox\Toolboxes\Data Management Tools.tbx\CalculateField" Date="20190401" Time="203833">CalculateField mf09_estac_meteo Libar "segura" VB #</Process><Process ToolSource="c:\program files (x86)\arcgis\desktop10.3\ArcToolbox\Toolboxes\Data Management Tools.tbx\CalculateField" Date="20190401" Time="203843">CalculateField mf09_estac_meteo Libar "SEGURA" VB #</Process><Process ToolSource="c:\program files (x86)\arcgis\desktop10.3\ArcToolbox\Toolboxes\Data Management Tools.tbx\CalculateField" Date="20190401" Time="203907">CalculateField mf09_estac_meteo Libar "SEGURA" VB #</Process><Process ToolSource="c:\program files (x86)\arcgis\desktop10.3\ArcToolbox\Toolboxes\Data Management Tools.tbx\CalculateField" Date="20190401" Time="203929">CalculateField mf09_estac_meteo Libar "SEGURA" VB #</Process><Process ToolSource="c:\program files (x86)\arcgis\desktop10.3\ArcToolbox\Toolboxes\Data Management Tools.tbx\CalculateField" Date="20190401" Time="203945">CalculateField mf09_estac_meteo Libar "SEGURA" VB #</Process><Process ToolSource="c:\program files (x86)\arcgis\desktop10.3\ArcToolbox\Toolboxes\Data Management Tools.tbx\CalculateField" Date="20190401" Time="204105">CalculateField mf09_estac_meteo Libar "SEGURA" VB #</Process><Process ToolSource="c:\program files (x86)\arcgis\desktop10.3\ArcToolbox\Toolboxes\Data Management Tools.tbx\CalculateField" Date="20190401" Time="205956">CalculateField mf09_estac_meteo Libar "SEGURA" VB #</Process><Process ToolSource="c:\program files (x86)\arcgis\desktop10.3\ArcToolbox\Toolboxes\Data Management Tools.tbx\CalculateField" Date="20190401" Time="210015">CalculateField mf09_estac_meteo Libar "SEGURA" VB #</Process><Process ToolSource="c:\program files (x86)\arcgis\desktop10.3\ArcToolbox\Toolboxes\Data Management Tools.tbx\CalculateField" Date="20190401" Time="210109">CalculateField mf09_estac_meteo Libar "SEGURA" VB #</Process><Process ToolSource="c:\program files (x86)\arcgis\desktop10.3\ArcToolbox\Toolboxes\Data Management Tools.tbx\CalculateField" Date="20190401" Time="210132">CalculateField mf09_estac_meteo Libar "SEGURA" VB #</Process><Process ToolSource="c:\program files (x86)\arcgis\desktop10.3\ArcToolbox\Toolboxes\Data Management Tools.tbx\CalculateField" Date="20190403" Time="114817">CalculateField mf09_estac_meteo Libar "segura temperatura" VB #</Process><Process ToolSource="c:\program files (x86)\arcgis\desktop10.3\ArcToolbox\Toolboxes\Data Management Tools.tbx\CalculateField" Date="20190403" Time="114833">CalculateField mf09_estac_meteo Libar "segura temperatura" VB #</Process><Process ToolSource="c:\program files (x86)\arcgis\desktop10.3\ArcToolbox\Toolboxes\Data Management Tools.tbx\CalculateField" Date="20190403" Time="114846">CalculateField mf09_estac_meteo Libar "segura temperatura" VB #</Process><Process ToolSource="c:\program files (x86)\arcgis\desktop10.3\ArcToolbox\Toolboxes\Data Management Tools.tbx\CalculateField" Date="20190403" Time="114858">CalculateField mf09_estac_meteo Libar "segura temperatura" VB #</Process><Process ToolSource="c:\program files (x86)\arcgis\desktop10.3\ArcToolbox\Toolboxes\Data Management Tools.tbx\CalculateField" Date="20190403" Time="114926">CalculateField mf09_estac_meteo Libar "segura temperatura" VB #</Process><Process ToolSource="c:\program files (x86)\arcgis\desktop10.3\ArcToolbox\Toolboxes\Data Management Tools.tbx\CalculateField" Date="20190403" Time="114952">CalculateField mf09_estac_meteo Libar "segura temperatura" VB #</Process><Process ToolSource="c:\program files (x86)\arcgis\desktop10.3\ArcToolbox\Toolboxes\Data Management Tools.tbx\CalculateField" Date="20190403" Time="115030">CalculateField mf09_estac_meteo Libar "segura temperatura" VB #</Process><Process ToolSource="c:\program files (x86)\arcgis\desktop10.3\ArcToolbox\Toolboxes\Data Management Tools.tbx\CalculateField" Date="20190403" Time="115107">CalculateField mf09_estac_meteo Libar "segura temperatura" VB #</Process><Process ToolSource="c:\program files (x86)\arcgis\desktop10.3\ArcToolbox\Toolboxes\Data Management Tools.tbx\CalculateField" Date="20190403" Time="115119">CalculateField mf09_estac_meteo Libar "segura temperatura" VB #</Process><Process ToolSource="c:\program files (x86)\arcgis\desktop10.3\ArcToolbox\Toolboxes\Data Management Tools.tbx\CalculateField" Date="20190403" Time="115137">CalculateField mf09_estac_meteo Libar "segura temperatura" VB #</Process><Process ToolSource="c:\program files (x86)\arcgis\desktop10.3\ArcToolbox\Toolboxes\Data Management Tools.tbx\CalculateField" Date="20190403" Time="115156">CalculateField mf09_estac_meteo Libar "segura temperatura" VB #</Process><Process ToolSource="c:\program files (x86)\arcgis\desktop10.3\ArcToolbox\Toolboxes\Data Management Tools.tbx\CalculateField" Date="20190403" Time="115211">CalculateField mf09_estac_meteo Libar "segura temperatura" VB #</Process><Process ToolSource="c:\program files (x86)\arcgis\desktop10.3\ArcToolbox\Toolboxes\Data Management Tools.tbx\CalculateField" Date="20190403" Time="115225">CalculateField mf09_estac_meteo Libar "segura temperatura" VB #</Process><Process ToolSource="c:\program files (x86)\arcgis\desktop10.3\ArcToolbox\Toolboxes\Data Management Tools.tbx\CalculateField" Date="20190807" Time="103127">CalculateField mf09_estac_meteo COD_MUN 8 VB #</Process><Process ToolSource="c:\program files (x86)\arcgis\desktop10.3\ArcToolbox\Toolboxes\Data Management Tools.tbx\CalculateField" Date="20190817" Time="171053">CalculateField mf09_estac_meteo Cañete "TERMO" VB #</Process><Process ToolSource="c:\program files (x86)\arcgis\desktop10.3\ArcToolbox\Toolboxes\Data Management Tools.tbx\CalculateField" Date="20200909" Time="100205">CalculateField mf09_estac_meteo Organismo "NO" VB #</Process><Process ToolSource="c:\program files (x86)\arcgis\desktop10.3\ArcToolbox\Toolboxes\Data Management Tools.tbx\CalculateField" Date="20200909" Time="164228">CalculateField mf09_estac_meteo PROVINCIA "SEGURA" VB #</Process><Process ToolSource="c:\program files (x86)\arcgis\desktop10.3\ArcToolbox\Toolboxes\Data Management Tools.tbx\Merge" Date="20201006" Time="194422">Merge mf09_estac_meteo;ALBACETE_MURCIA "D:\BASE DATOS SIG\DERA\G04_Medio_Fisico\mf09_estac_meteo_AND_MUR_ALBAC.shp" "NOMBRE "NOMBRE" true true false 254 Text 0 0 ,First,#,mf09_estac_meteo,NOMBRE,-1,-1;COD_EST "COD_EST" true true false 254 Text 0 0 ,First,#,mf09_estac_meteo,COD_EST,-1,-1;ALTURA "ALTURA" true true false 19 Double 8 18 ,First,#,mf09_estac_meteo,ALTURA,-1,-1;COD_MUN "COD_MUN" true true false 10 Text 0 0 ,First,#,mf09_estac_meteo,COD_MUN,-1,-1;MUNICIPIO "MUNICIPIO" true true false 50 Text 0 0 ,First,#,mf09_estac_meteo,MUNICIPIO,-1,-1;PROVINCIA "PROVINCIA" true true false 10 Text 0 0 ,First,#,mf09_estac_meteo,PROVINCIA,-1,-1;COD_ENT "COD_ENT" true true false 5 Text 0 0 ,First,#,mf09_estac_meteo,COD_ENT,-1,-1;POINT_X "POINT_X" true true false 19 Double 0 0 ,First,#,mf09_estac_meteo,POINT_X,-1,-1;POINT_Y "POINT_Y" true true false 19 Double 0 0 ,First,#,mf09_estac_meteo,POINT_Y,-1,-1;Organismo "Organismo" true true false 50 Text 0 0 ,First,#,mf09_estac_meteo,Organismo,-1,-1;Libar "Libar" true true false 50 Text 0 0 ,First,#,mf09_estac_meteo,Libar,-1,-1;Cañete "Cañete" true true false 50 Text 0 0 ,First,#,mf09_estac_meteo,Cañete,-1,-1;Gorda "Gorda" true true false 50 Text 0 0 ,First,#,mf09_estac_meteo,Gorda,-1,-1;Tejeda "Tejeda" true true false 50 Text 0 0 ,First,#,mf09_estac_meteo,Tejeda,-1,-1;Ayamonte "Ayamonte" true true false 50 Text 0 0 ,First,#,mf09_estac_meteo,Ayamonte,-1,-1;Aroche "Aroche" true true false 50 Text 0 0 ,First,#,mf09_estac_meteo,Aroche,-1,-1;Orce "Orce" true true false 50 Text 0 0 ,First,#,mf09_estac_meteo,Orce,-1,-1;Campo_de_T "Campo_de_T" true true false 50 Text 0 0 ,First,#,mf09_estac_meteo,Campo_de_T,-1,-1;Estancias "Estancias" true true false 50 Text 0 0 ,First,#,mf09_estac_meteo,Estancias,-1,-1;Almagro "Almagro" true true false 50 Text 0 0 ,First,#,mf09_estac_meteo,Almagro,-1,-1;Quesada "Quesada" true true false 50 Text 0 0 ,First,#,mf09_estac_meteo,Quesada,-1,-1;LAYER "LAYER" true true false 21 Text 0 0 ,First,#,ALBACETE_MURCIA,LAYER,-1,-1;ATTR_1 "ATTR_1" true true false 5 Text 0 0 ,First,#,ALBACETE_MURCIA,ATTR_1,-1,-1;ATTR_2 "ATTR_2" true true false 40 Text 0 0 ,First,#,ALBACETE_MURCIA,ATTR_2,-1,-1"</Process><Process ToolSource="c:\program files (x86)\arcgis\desktop10.3\ArcToolbox\Toolboxes\Data Management Tools.tbx\CalculateField" Date="20201127" Time="114047">CalculateField Estaciones_Segura_ENC Disponible 1 VB #</Process><Process ToolSource="c:\program files (x86)\arcgis\desktop10.3\ArcToolbox\Toolboxes\Data Management Tools.tbx\CalculateField" Date="20201127" Time="120429">CalculateField Estaciones_Segura_ENC Disponible 1 VB #</Process><Process ToolSource="c:\program files (x86)\arcgis\desktop10.3\ArcToolbox\Toolboxes\Data Management Tools.tbx\CalculateField" Date="20201127" Time="121911">CalculateField Estaciones_Segura_ENC Disponible 1 VB #</Process><Process ToolSource="c:\program files (x86)\arcgis\desktop10.3\ArcToolbox\Toolboxes\Data Management Tools.tbx\CalculateField" Date="20201127" Time="122253">CalculateField Estaciones_Segura_ENC Disponible 1 VB #</Process><Process ToolSource="c:\program files (x86)\arcgis\desktop10.3\ArcToolbox\Toolboxes\Data Management Tools.tbx\CalculateField" Date="20201127" Time="122334">CalculateField Estaciones_Segura_ENC Disponible 1 VB #</Process><Process ToolSource="c:\program files (x86)\arcgis\desktop10.3\ArcToolbox\Toolboxes\Data Management Tools.tbx\CalculateField" Date="20201127" Time="122424">CalculateField Estaciones_Segura_ENC Disponible 1 VB #</Process><Process ToolSource="c:\program files (x86)\arcgis\desktop10.3\ArcToolbox\Toolboxes\Data Management Tools.tbx\CalculateField" Date="20201127" Time="122457">CalculateField Estaciones_Segura_ENC Disponible 1 VB #</Process><Process ToolSource="c:\program files (x86)\arcgis\desktop10.3\ArcToolbox\Toolboxes\Data Management Tools.tbx\CalculateField" Date="20201127" Time="122520">CalculateField Estaciones_Segura_ENC Disponible 1 VB #</Process><Process ToolSource="c:\program files (x86)\arcgis\desktop10.3\ArcToolbox\Toolboxes\Data Management Tools.tbx\CalculateField" Date="20201127" Time="122637">CalculateField Estaciones_Segura_ENC Disponible 1 VB #</Process><Process ToolSource="c:\program files (x86)\arcgis\desktop10.3\ArcToolbox\Toolboxes\Data Management Tools.tbx\CalculateField" Date="20201127" Time="122712">CalculateField Estaciones_Segura_ENC Disponible 1 VB #</Process><Process ToolSource="c:\program files (x86)\arcgis\desktop10.3\ArcToolbox\Toolboxes\Data Management Tools.tbx\CalculateField" Date="20201127" Time="123204">CalculateField Estaciones_Segura_ENC Disponible 1 VB #</Process><Process ToolSource="c:\program files (x86)\arcgis\desktop10.3\ArcToolbox\Toolboxes\Data Management Tools.tbx\CalculateField" Date="20201127" Time="123246">CalculateField Estaciones_Segura_ENC Disponible 1 VB #</Process><Process ToolSource="c:\program files (x86)\arcgis\desktop10.3\ArcToolbox\Toolboxes\Data Management Tools.tbx\CalculateField" Date="20201127" Time="123952">CalculateField Estaciones_Segura_ENC Disponible 1 VB #</Process><Process ToolSource="c:\program files (x86)\arcgis\desktop10.3\ArcToolbox\Toolboxes\Data Management Tools.tbx\CalculateField" Date="20201127" Time="130628">CalculateField Estaciones_Segura_ENC Disponible 1 VB #</Process><Process ToolSource="c:\program files (x86)\arcgis\desktop10.3\ArcToolbox\Toolboxes\Data Management Tools.tbx\CalculateField" Date="20201127" Time="130646">CalculateField Estaciones_Segura_ENC Disponible 1 VB #</Process><Process ToolSource="c:\program files (x86)\arcgis\desktop10.3\ArcToolbox\Toolboxes\Data Management Tools.tbx\CalculateField" Date="20201127" Time="130706">CalculateField Estaciones_Segura_ENC Disponible 1 VB #</Process><Process ToolSource="c:\program files (x86)\arcgis\desktop10.3\ArcToolbox\Toolboxes\Data Management Tools.tbx\CalculateField" Date="20201127" Time="130737">CalculateField Estaciones_Segura_ENC Disponible 1 VB #</Process><Process ToolSource="c:\program files (x86)\arcgis\desktop10.3\ArcToolbox\Toolboxes\Data Management Tools.tbx\CalculateField" Date="20201127" Time="130835">CalculateField Estaciones_Segura_ENC Disponible 1 VB #</Process><Process ToolSource="c:\program files (x86)\arcgis\desktop10.3\ArcToolbox\Toolboxes\Data Management Tools.tbx\CalculateField" Date="20201127" Time="130855">CalculateField Estaciones_Segura_ENC Disponible 1 VB #</Process><Process ToolSource="c:\program files (x86)\arcgis\desktop10.3\ArcToolbox\Toolboxes\Data Management Tools.tbx\CalculateField" Date="20201127" Time="130914">CalculateField Estaciones_Segura_ENC Disponible 1 VB #</Process><Process ToolSource="c:\program files (x86)\arcgis\desktop10.3\ArcToolbox\Toolboxes\Data Management Tools.tbx\CalculateField" Date="20201127" Time="130942">CalculateField Estaciones_Segura_ENC Disponible 1 VB #</Process><Process ToolSource="c:\program files (x86)\arcgis\desktop10.3\ArcToolbox\Toolboxes\Data Management Tools.tbx\CalculateField" Date="20201127" Time="131317">CalculateField Estaciones_Segura_ENC Disponible 1 VB #</Process><Process ToolSource="c:\program files (x86)\arcgis\desktop10.3\ArcToolbox\Toolboxes\Data Management Tools.tbx\CalculateField" Date="20201127" Time="131334">CalculateField Estaciones_Segura_ENC Disponible 1 VB #</Process><Process ToolSource="c:\program files (x86)\arcgis\desktop10.3\ArcToolbox\Toolboxes\Data Management Tools.tbx\CalculateField" Date="20201127" Time="131352">CalculateField Estaciones_Segura_ENC Disponible 1 VB #</Process><Process ToolSource="c:\program files (x86)\arcgis\desktop10.3\ArcToolbox\Toolboxes\Data Management Tools.tbx\CalculateField" Date="20201127" Time="131450">CalculateField Estaciones_Segura_ENC Disponible 1 VB #</Process><Process ToolSource="c:\program files (x86)\arcgis\desktop10.3\ArcToolbox\Toolboxes\Data Management Tools.tbx\CalculateField" Date="20201127" Time="131519">CalculateField Estaciones_Segura_ENC Disponible 1 VB #</Process><Process ToolSource="c:\program files (x86)\arcgis\desktop10.3\ArcToolbox\Toolboxes\Data Management Tools.tbx\CalculateField" Date="20201127" Time="131600">CalculateField Estaciones_Segura_ENC Disponible 1 VB #</Process><Process ToolSource="c:\program files (x86)\arcgis\desktop10.3\ArcToolbox\Toolboxes\Data Management Tools.tbx\CalculateField" Date="20201127" Time="131941">CalculateField Estaciones_Segura_ENC Disponible 1 VB #</Process><Process ToolSource="c:\program files (x86)\arcgis\desktop10.3\ArcToolbox\Toolboxes\Data Management Tools.tbx\CalculateField" Date="20201127" Time="132002">CalculateField Estaciones_Segura_ENC Disponible 1 VB #</Process><Process ToolSource="c:\program files (x86)\arcgis\desktop10.3\ArcToolbox\Toolboxes\Data Management Tools.tbx\CalculateField" Date="20201127" Time="132027">CalculateField Estaciones_Segura_ENC Disponible 1 VB #</Process><Process ToolSource="c:\program files (x86)\arcgis\desktop10.3\ArcToolbox\Toolboxes\Data Management Tools.tbx\CalculateField" Date="20201127" Time="132155">CalculateField Estaciones_Segura_ENC Disponible 1 VB #</Process><Process ToolSource="c:\program files (x86)\arcgis\desktop10.3\ArcToolbox\Toolboxes\Data Management Tools.tbx\CalculateField" Date="20201127" Time="132219">CalculateField Estaciones_Segura_ENC Disponible 1 VB #</Process><Process ToolSource="c:\program files (x86)\arcgis\desktop10.3\ArcToolbox\Toolboxes\Data Management Tools.tbx\CalculateField" Date="20201127" Time="132732">CalculateField Estaciones_Segura_ENC Disponible 1 VB #</Process><Process ToolSource="c:\program files (x86)\arcgis\desktop10.3\ArcToolbox\Toolboxes\Data Management Tools.tbx\CalculateField" Date="20201127" Time="132804">CalculateField Estaciones_Segura_ENC Disponible 1 VB #</Process><Process ToolSource="c:\program files (x86)\arcgis\desktop10.3\ArcToolbox\Toolboxes\Data Management Tools.tbx\CalculateField" Date="20201127" Time="132835">CalculateField Estaciones_Segura_ENC Usable "No" VB #</Process><Process ToolSource="c:\program files (x86)\arcgis\desktop10.3\ArcToolbox\Toolboxes\Data Management Tools.tbx\CalculateField" Date="20201127" Time="151108">CalculateField Estaciones_Segura_ENC Disponible 1 VB #</Process><Process ToolSource="c:\program files (x86)\arcgis\desktop10.3\ArcToolbox\Toolboxes\Data Management Tools.tbx\CalculateField" Date="20201127" Time="151247">CalculateField Estaciones_Segura_ENC Disponible 1 VB #</Process><Process ToolSource="c:\program files (x86)\arcgis\desktop10.3\ArcToolbox\Toolboxes\Data Management Tools.tbx\CalculateField" Date="20201127" Time="151253">CalculateField Estaciones_Segura_ENC Disponible 1 VB #</Process><Process ToolSource="c:\program files (x86)\arcgis\desktop10.3\ArcToolbox\Toolboxes\Data Management Tools.tbx\CalculateField" Date="20201127" Time="151315">CalculateField Estaciones_Segura_ENC Disponible 1 VB #</Process><Process ToolSource="c:\program files (x86)\arcgis\desktop10.3\ArcToolbox\Toolboxes\Data Management Tools.tbx\CalculateField" Date="20201127" Time="151343">CalculateField Estaciones_Segura_ENC Disponible 1 VB #</Process><Process ToolSource="c:\program files (x86)\arcgis\desktop10.3\ArcToolbox\Toolboxes\Data Management Tools.tbx\CalculateField" Date="20201127" Time="151446">CalculateField Estaciones_Segura_ENC Disponible 1 VB #</Process><Process ToolSource="c:\program files (x86)\arcgis\desktop10.3\ArcToolbox\Toolboxes\Data Management Tools.tbx\CalculateField" Date="20201127" Time="151541">CalculateField Estaciones_Segura_ENC Disponible 1 VB #</Process><Process ToolSource="c:\program files (x86)\arcgis\desktop10.3\ArcToolbox\Toolboxes\Data Management Tools.tbx\CalculateField" Date="20201127" Time="151602">CalculateField Estaciones_Segura_ENC Disponible 1 VB #</Process><Process ToolSource="c:\program files (x86)\arcgis\desktop10.3\ArcToolbox\Toolboxes\Data Management Tools.tbx\CalculateField" Date="20201127" Time="151622">CalculateField Estaciones_Segura_ENC Disponible 1 VB #</Process><Process ToolSource="c:\program files (x86)\arcgis\desktop10.3\ArcToolbox\Toolboxes\Data Management Tools.tbx\CalculateField" Date="20201127" Time="151712">CalculateField Estaciones_Segura_ENC Disponible 1 VB #</Process><Process ToolSource="c:\program files (x86)\arcgis\desktop10.3\ArcToolbox\Toolboxes\Data Management Tools.tbx\CalculateField" Date="20201127" Time="152705">CalculateField Estaciones_Segura_ENC Disponible 1 VB #</Process><Process ToolSource="c:\program files (x86)\arcgis\desktop10.3\ArcToolbox\Toolboxes\Data Management Tools.tbx\CalculateField" Date="20201127" Time="152729">CalculateField Estaciones_Segura_ENC Disponible 1 VB #</Process><Process ToolSource="c:\program files (x86)\arcgis\desktop10.3\ArcToolbox\Toolboxes\Data Management Tools.tbx\CalculateField" Date="20201127" Time="152752">CalculateField Estaciones_Segura_ENC Disponible 1 VB #</Process><Process ToolSource="c:\program files (x86)\arcgis\desktop10.3\ArcToolbox\Toolboxes\Data Management Tools.tbx\CalculateField" Date="20201127" Time="154901">CalculateField Estaciones_Segura_ENC Disponible 1 VB #</Process><Process ToolSource="c:\program files (x86)\arcgis\desktop10.3\ArcToolbox\Toolboxes\Data Management Tools.tbx\CalculateField" Date="20201127" Time="160755">CalculateField Estaciones_Segura_ENC Disponible 1 VB #</Process><Process ToolSource="c:\program files (x86)\arcgis\desktop10.3\ArcToolbox\Toolboxes\Data Management Tools.tbx\CalculateField" Date="20201127" Time="160804">CalculateField Estaciones_Segura_ENC Usable "No" VB #</Process><Process ToolSource="c:\program files (x86)\arcgis\desktop10.3\ArcToolbox\Toolboxes\Data Management Tools.tbx\CalculateField" Date="20201127" Time="160827">CalculateField Estaciones_Segura_ENC Disponible 1 VB #</Process><Process ToolSource="c:\program files (x86)\arcgis\desktop10.3\ArcToolbox\Toolboxes\Data Management Tools.tbx\CalculateField" Date="20201127" Time="160854">CalculateField Estaciones_Segura_ENC Disponible 1 VB #</Process><Process ToolSource="c:\program files (x86)\arcgis\desktop10.3\ArcToolbox\Toolboxes\Data Management Tools.tbx\CalculateField" Date="20201127" Time="160917">CalculateField Estaciones_Segura_ENC Disponible 1 VB #</Process><Process ToolSource="c:\program files (x86)\arcgis\desktop10.3\ArcToolbox\Toolboxes\Data Management Tools.tbx\CalculateField" Date="20201127" Time="161553">CalculateField Estaciones_Segura_ENC Disponible 1 VB #</Process><Process ToolSource="c:\program files (x86)\arcgis\desktop10.3\ArcToolbox\Toolboxes\Data Management Tools.tbx\CalculateField" Date="20201127" Time="161622">CalculateField Estaciones_Segura_ENC Disponible 1 VB #</Process><Process ToolSource="c:\program files (x86)\arcgis\desktop10.3\ArcToolbox\Toolboxes\Data Management Tools.tbx\CalculateField" Date="20201127" Time="161705">CalculateField Estaciones_Segura_ENC Disponible 1 VB #</Process><Process ToolSource="c:\program files (x86)\arcgis\desktop10.3\ArcToolbox\Toolboxes\Data Management Tools.tbx\CalculateField" Date="20201127" Time="161753">CalculateField Estaciones_Segura_ENC Disponible 1 VB #</Process><Process ToolSource="c:\program files (x86)\arcgis\desktop10.3\ArcToolbox\Toolboxes\Data Management Tools.tbx\CalculateField" Date="20201127" Time="161809">CalculateField Estaciones_Segura_ENC Disponible 1 VB #</Process><Process ToolSource="c:\program files (x86)\arcgis\desktop10.3\ArcToolbox\Toolboxes\Data Management Tools.tbx\CalculateField" Date="20201127" Time="161832">CalculateField Estaciones_Segura_ENC Disponible 1 VB #</Process><Process ToolSource="c:\program files (x86)\arcgis\desktop10.3\ArcToolbox\Toolboxes\Data Management Tools.tbx\CalculateField" Date="20201127" Time="162026">CalculateField Estaciones_Segura_ENC Disponible 1 VB #</Process><Process ToolSource="c:\program files (x86)\arcgis\desktop10.3\ArcToolbox\Toolboxes\Data Management Tools.tbx\CalculateField" Date="20201127" Time="162150">CalculateField Estaciones_Segura_ENC Disponible 1 VB #</Process><Process ToolSource="c:\program files (x86)\arcgis\desktop10.3\ArcToolbox\Toolboxes\Data Management Tools.tbx\CalculateField" Date="20201127" Time="162230">CalculateField Estaciones_Segura_ENC Disponible 1 VB #</Process><Process ToolSource="c:\program files (x86)\arcgis\desktop10.3\ArcToolbox\Toolboxes\Data Management Tools.tbx\CalculateField" Date="20201127" Time="162321">CalculateField Estaciones_Segura_ENC Disponible 1 VB #</Process><Process ToolSource="c:\program files (x86)\arcgis\desktop10.3\ArcToolbox\Toolboxes\Data Management Tools.tbx\CalculateField" Date="20201127" Time="162409">CalculateField Estaciones_Segura_ENC Disponible 1 VB #</Process><Process ToolSource="c:\program files (x86)\arcgis\desktop10.3\ArcToolbox\Toolboxes\Data Management Tools.tbx\CalculateField" Date="20201127" Time="162446">CalculateField Estaciones_Segura_ENC Disponible 1 VB #</Process><Process ToolSource="c:\program files (x86)\arcgis\desktop10.3\ArcToolbox\Toolboxes\Data Management Tools.tbx\CalculateField" Date="20201127" Time="162521">CalculateField Estaciones_Segura_ENC Disponible 1 VB #</Process><Process ToolSource="c:\program files (x86)\arcgis\desktop10.3\ArcToolbox\Toolboxes\Data Management Tools.tbx\CalculateField" Date="20201127" Time="162632">CalculateField Estaciones_Segura_ENC Disponible 1 VB #</Process><Process ToolSource="c:\program files (x86)\arcgis\desktop10.3\ArcToolbox\Toolboxes\Data Management Tools.tbx\CalculateField" Date="20201127" Time="162654">CalculateField Estaciones_Segura_ENC Disponible 1 VB #</Process><Process ToolSource="c:\program files (x86)\arcgis\desktop10.3\ArcToolbox\Toolboxes\Data Management Tools.tbx\CalculateField" Date="20201127" Time="162711">CalculateField Estaciones_Segura_ENC Disponible 1 VB #</Process><Process ToolSource="c:\program files (x86)\arcgis\desktop10.3\ArcToolbox\Toolboxes\Data Management Tools.tbx\CalculateField" Date="20201127" Time="163451">CalculateField Estaciones_Segura_ENC Disponible 1 VB #</Process><Process ToolSource="c:\program files (x86)\arcgis\desktop10.3\ArcToolbox\Toolboxes\Data Management Tools.tbx\CalculateField" Date="20201127" Time="163458">CalculateField Estaciones_Segura_ENC Disponible 1 VB #</Process><Process ToolSource="c:\program files (x86)\arcgis\desktop10.3\ArcToolbox\Toolboxes\Data Management Tools.tbx\CalculateField" Date="20201127" Time="163514">CalculateField Estaciones_Segura_ENC Disponible 1 VB #</Process><Process ToolSource="c:\program files (x86)\arcgis\desktop10.3\ArcToolbox\Toolboxes\Data Management Tools.tbx\CalculateField" Date="20201127" Time="163540">CalculateField Estaciones_Segura_ENC Disponible 1 VB #</Process><Process ToolSource="c:\program files (x86)\arcgis\desktop10.3\ArcToolbox\Toolboxes\Data Management Tools.tbx\CalculateField" Date="20201127" Time="163652">CalculateField Estaciones_Segura_ENC Disponible 1 VB #</Process><Process ToolSource="c:\program files (x86)\arcgis\desktop10.3\ArcToolbox\Toolboxes\Data Management Tools.tbx\CalculateField" Date="20201127" Time="163709">CalculateField Estaciones_Segura_ENC Disponible 1 VB #</Process><Process ToolSource="c:\program files (x86)\arcgis\desktop10.3\ArcToolbox\Toolboxes\Data Management Tools.tbx\CalculateField" Date="20201127" Time="163731">CalculateField Estaciones_Segura_ENC Disponible 1 VB #</Process><Process ToolSource="c:\program files (x86)\arcgis\desktop10.3\ArcToolbox\Toolboxes\Data Management Tools.tbx\CalculateField" Date="20201127" Time="163754">CalculateField Estaciones_Segura_ENC Disponible 1 VB #</Process><Process ToolSource="c:\program files (x86)\arcgis\desktop10.3\ArcToolbox\Toolboxes\Data Management Tools.tbx\CalculateField" Date="20201127" Time="163825">CalculateField Estaciones_Segura_ENC Disponible 1 VB #</Process><Process ToolSource="c:\program files (x86)\arcgis\desktop10.3\ArcToolbox\Toolboxes\Data Management Tools.tbx\CalculateField" Date="20201127" Time="163851">CalculateField Estaciones_Segura_ENC Disponible 1 VB #</Process><Process ToolSource="c:\program files (x86)\arcgis\desktop10.3\ArcToolbox\Toolboxes\Data Management Tools.tbx\CalculateField" Date="20201127" Time="164201">CalculateField Estaciones_Segura_ENC Disponible 1 VB #</Process><Process ToolSource="c:\program files (x86)\arcgis\desktop10.3\ArcToolbox\Toolboxes\Data Management Tools.tbx\CalculateField" Date="20201127" Time="164218">CalculateField Estaciones_Segura_ENC Disponible 1 VB #</Process><Process ToolSource="c:\program files (x86)\arcgis\desktop10.3\ArcToolbox\Toolboxes\Data Management Tools.tbx\CalculateField" Date="20201127" Time="164236">CalculateField Estaciones_Segura_ENC Disponible 1 VB #</Process><Process ToolSource="c:\program files (x86)\arcgis\desktop10.3\ArcToolbox\Toolboxes\Data Management Tools.tbx\CalculateField" Date="20201127" Time="164314">CalculateField Estaciones_Segura_ENC Disponible 1 VB #</Process><Process ToolSource="c:\program files (x86)\arcgis\desktop10.3\ArcToolbox\Toolboxes\Data Management Tools.tbx\CalculateField" Date="20201127" Time="164331">CalculateField Estaciones_Segura_ENC Disponible 1 VB #</Process><Process ToolSource="c:\program files (x86)\arcgis\desktop10.3\ArcToolbox\Toolboxes\Data Management Tools.tbx\CalculateField" Date="20201127" Time="165227">CalculateField Estaciones_Segura_ENC Disponible 1 VB #</Process><Process ToolSource="c:\program files (x86)\arcgis\desktop10.3\ArcToolbox\Toolboxes\Data Management Tools.tbx\CalculateField" Date="20201127" Time="165244">CalculateField Estaciones_Segura_ENC Disponible 1 VB #</Process><Process ToolSource="c:\program files (x86)\arcgis\desktop10.3\ArcToolbox\Toolboxes\Data Management Tools.tbx\CalculateField" Date="20201127" Time="165258">CalculateField Estaciones_Segura_ENC Disponible 1 VB #</Process><Process ToolSource="c:\program files (x86)\arcgis\desktop10.3\ArcToolbox\Toolboxes\Data Management Tools.tbx\CalculateField" Date="20201127" Time="165316">CalculateField Estaciones_Segura_ENC Disponible 1 VB #</Process><Process ToolSource="c:\program files (x86)\arcgis\desktop10.3\ArcToolbox\Toolboxes\Data Management Tools.tbx\CalculateField" Date="20201127" Time="165345">CalculateField Estaciones_Segura_ENC Disponible 1 VB #</Process><Process ToolSource="c:\program files (x86)\arcgis\desktop10.3\ArcToolbox\Toolboxes\Data Management Tools.tbx\CalculateField" Date="20201127" Time="165825">CalculateField Estaciones_Segura_ENC Disponible 1 VB #</Process><Process ToolSource="c:\program files (x86)\arcgis\desktop10.3\ArcToolbox\Toolboxes\Data Management Tools.tbx\CalculateField" Date="20201127" Time="165849">CalculateField Estaciones_Segura_ENC Disponible 1 VB #</Process><Process ToolSource="c:\program files (x86)\arcgis\desktop10.3\ArcToolbox\Toolboxes\Data Management Tools.tbx\CalculateField" Date="20201127" Time="165910">CalculateField Estaciones_Segura_ENC Disponible 1 VB #</Process><Process ToolSource="c:\program files (x86)\arcgis\desktop10.3\ArcToolbox\Toolboxes\Data Management Tools.tbx\CalculateField" Date="20201127" Time="165928">CalculateField Estaciones_Segura_ENC Disponible 1 VB #</Process><Process ToolSource="c:\program files (x86)\arcgis\desktop10.3\ArcToolbox\Toolboxes\Data Management Tools.tbx\CalculateField" Date="20201127" Time="165948">CalculateField Estaciones_Segura_ENC Disponible 1 VB #</Process><Process ToolSource="c:\program files (x86)\arcgis\desktop10.3\ArcToolbox\Toolboxes\Data Management Tools.tbx\CalculateField" Date="20201127" Time="170010">CalculateField Estaciones_Segura_ENC Disponible 1 VB #</Process><Process ToolSource="c:\program files (x86)\arcgis\desktop10.3\ArcToolbox\Toolboxes\Data Management Tools.tbx\CalculateField" Date="20201127" Time="170053">CalculateField Estaciones_Segura_ENC Disponible 1 VB #</Process><Process ToolSource="c:\program files (x86)\arcgis\desktop10.3\ArcToolbox\Toolboxes\Data Management Tools.tbx\CalculateField" Date="20201127" Time="170114">CalculateField Estaciones_Segura_ENC Disponible 1 VB #</Process><Process ToolSource="c:\program files (x86)\arcgis\desktop10.3\ArcToolbox\Toolboxes\Data Management Tools.tbx\CalculateField" Date="20201127" Time="170133">CalculateField Estaciones_Segura_ENC Disponible 1 VB #</Process><Process ToolSource="c:\program files (x86)\arcgis\desktop10.3\ArcToolbox\Toolboxes\Data Management Tools.tbx\CalculateField" Date="20201127" Time="170153">CalculateField Estaciones_Segura_ENC Disponible 1 VB #</Process><Process ToolSource="c:\program files (x86)\arcgis\desktop10.3\ArcToolbox\Toolboxes\Data Management Tools.tbx\CalculateField" Date="20201127" Time="170211">CalculateField Estaciones_Segura_ENC Disponible 1 VB #</Process><Process ToolSource="c:\program files (x86)\arcgis\desktop10.3\ArcToolbox\Toolboxes\Data Management Tools.tbx\CalculateField" Date="20201127" Time="170304">CalculateField Estaciones_Segura_ENC Disponible 1 VB #</Process><Process ToolSource="c:\program files (x86)\arcgis\desktop10.3\ArcToolbox\Toolboxes\Data Management Tools.tbx\CalculateField" Date="20201127" Time="170338">CalculateField Estaciones_Segura_ENC Disponible 1 VB #</Process><Process ToolSource="c:\program files (x86)\arcgis\desktop10.3\ArcToolbox\Toolboxes\Data Management Tools.tbx\CalculateField" Date="20201127" Time="170449">CalculateField Estaciones_Segura_ENC Disponible 1 VB #</Process><Process ToolSource="c:\program files (x86)\arcgis\desktop10.3\ArcToolbox\Toolboxes\Data Management Tools.tbx\CalculateField" Date="20201127" Time="170511">CalculateField Estaciones_Segura_ENC Disponible 1 VB #</Process><Process ToolSource="c:\program files (x86)\arcgis\desktop10.3\ArcToolbox\Toolboxes\Data Management Tools.tbx\CalculateField" Date="20201127" Time="170524">CalculateField Estaciones_Segura_ENC Disponible 1 VB #</Process><Process ToolSource="c:\program files (x86)\arcgis\desktop10.3\ArcToolbox\Toolboxes\Data Management Tools.tbx\CalculateField" Date="20201127" Time="170614">CalculateField Estaciones_Segura_ENC Disponible 1 VB #</Process><Process ToolSource="c:\program files (x86)\arcgis\desktop10.3\ArcToolbox\Toolboxes\Data Management Tools.tbx\CalculateField" Date="20201127" Time="170710">CalculateField Estaciones_Segura_ENC Disponible 1 VB #</Process><Process ToolSource="c:\program files (x86)\arcgis\desktop10.3\ArcToolbox\Toolboxes\Data Management Tools.tbx\CalculateField" Date="20201127" Time="170717">CalculateField Estaciones_Segura_ENC Usable "No" VB #</Process><Process ToolSource="c:\program files (x86)\arcgis\desktop10.3\ArcToolbox\Toolboxes\Data Management Tools.tbx\CalculateField" Date="20201127" Time="170752">CalculateField Estaciones_Segura_ENC Disponible 1 VB #</Process><Process ToolSource="c:\program files (x86)\arcgis\desktop10.3\ArcToolbox\Toolboxes\Data Management Tools.tbx\CalculateField" Date="20201127" Time="170819">CalculateField Estaciones_Segura_ENC Disponible 1 VB #</Process><Process ToolSource="c:\program files (x86)\arcgis\desktop10.3\ArcToolbox\Toolboxes\Data Management Tools.tbx\CalculateField" Date="20201127" Time="170827">CalculateField Estaciones_Segura_ENC Usable "No" VB #</Process><Process ToolSource="c:\program files (x86)\arcgis\desktop10.3\ArcToolbox\Toolboxes\Data Management Tools.tbx\CalculateField" Date="20201127" Time="170849">CalculateField Estaciones_Segura_ENC Disponible 1 VB #</Process><Process ToolSource="c:\program files (x86)\arcgis\desktop10.3\ArcToolbox\Toolboxes\Data Management Tools.tbx\CalculateField" Date="20201127" Time="170856">CalculateField Estaciones_Segura_ENC Disponible 1 VB #</Process><Process ToolSource="c:\program files (x86)\arcgis\desktop10.3\ArcToolbox\Toolboxes\Data Management Tools.tbx\CalculateField" Date="20201127" Time="170927">CalculateField Estaciones_Segura_ENC Disponible 1 VB #</Process><Process ToolSource="c:\program files (x86)\arcgis\desktop10.3\ArcToolbox\Toolboxes\Data Management Tools.tbx\CalculateField" Date="20201127" Time="171020">CalculateField Estaciones_Segura_ENC Disponible 1 VB #</Process><Process ToolSource="c:\program files (x86)\arcgis\desktop10.3\ArcToolbox\Toolboxes\Data Management Tools.tbx\CalculateField" Date="20201127" Time="171036">CalculateField Estaciones_Segura_ENC Disponible 1 VB #</Process><Process ToolSource="c:\program files (x86)\arcgis\desktop10.3\ArcToolbox\Toolboxes\Data Management Tools.tbx\CalculateField" Date="20201127" Time="171055">CalculateField Estaciones_Segura_ENC Disponible 1 VB #</Process><Process ToolSource="c:\program files (x86)\arcgis\desktop10.3\ArcToolbox\Toolboxes\Data Management Tools.tbx\CalculateField" Date="20201127" Time="171112">CalculateField Estaciones_Segura_ENC Disponible 1 VB #</Process><Process ToolSource="c:\program files (x86)\arcgis\desktop10.3\ArcToolbox\Toolboxes\Data Management Tools.tbx\CalculateField" Date="20201127" Time="171126">CalculateField Estaciones_Segura_ENC Disponible 1 VB #</Process><Process ToolSource="c:\program files (x86)\arcgis\desktop10.3\ArcToolbox\Toolboxes\Data Management Tools.tbx\CalculateField" Date="20201127" Time="171139">CalculateField Estaciones_Segura_ENC Disponible 1 VB #</Process><Process ToolSource="c:\program files (x86)\arcgis\desktop10.3\ArcToolbox\Toolboxes\Data Management Tools.tbx\CalculateField" Date="20201127" Time="171158">CalculateField Estaciones_Segura_ENC Disponible 1 VB #</Process><Process ToolSource="c:\program files (x86)\arcgis\desktop10.3\ArcToolbox\Toolboxes\Data Management Tools.tbx\CalculateField" Date="20201127" Time="171223">CalculateField Estaciones_Segura_ENC Disponible 1 VB #</Process><Process ToolSource="c:\program files (x86)\arcgis\desktop10.3\ArcToolbox\Toolboxes\Data Management Tools.tbx\CalculateField" Date="20201127" Time="171242">CalculateField Estaciones_Segura_ENC Disponible 1 VB #</Process><Process ToolSource="c:\program files (x86)\arcgis\desktop10.3\ArcToolbox\Toolboxes\Data Management Tools.tbx\CalculateField" Date="20201127" Time="171505">CalculateField Estaciones_Segura_ENC Disponible 1 VB #</Process><Process ToolSource="c:\program files (x86)\arcgis\desktop10.3\ArcToolbox\Toolboxes\Data Management Tools.tbx\CalculateField" Date="20201127" Time="171522">CalculateField Estaciones_Segura_ENC Disponible 1 VB #</Process><Process ToolSource="c:\program files (x86)\arcgis\desktop10.3\ArcToolbox\Toolboxes\Data Management Tools.tbx\CalculateField" Date="20201127" Time="171537">CalculateField Estaciones_Segura_ENC Disponible 1 VB #</Process><Process ToolSource="c:\program files (x86)\arcgis\desktop10.3\ArcToolbox\Toolboxes\Data Management Tools.tbx\CalculateField" Date="20201127" Time="171555">CalculateField Estaciones_Segura_ENC Disponible 1 VB #</Process><Process ToolSource="c:\program files (x86)\arcgis\desktop10.3\ArcToolbox\Toolboxes\Data Management Tools.tbx\CalculateField" Date="20201127" Time="171610">CalculateField Estaciones_Segura_ENC Disponible 1 VB #</Process><Process ToolSource="c:\program files (x86)\arcgis\desktop10.3\ArcToolbox\Toolboxes\Data Management Tools.tbx\CalculateField" Date="20201127" Time="171633">CalculateField Estaciones_Segura_ENC Disponible 1 VB #</Process><Process ToolSource="c:\program files (x86)\arcgis\desktop10.3\ArcToolbox\Toolboxes\Data Management Tools.tbx\CalculateField" Date="20201127" Time="171652">CalculateField Estaciones_Segura_ENC Disponible 1 VB #</Process><Process ToolSource="c:\program files (x86)\arcgis\desktop10.3\ArcToolbox\Toolboxes\Data Management Tools.tbx\CalculateField" Date="20201127" Time="171709">CalculateField Estaciones_Segura_ENC Disponible 1 VB #</Process><Process ToolSource="c:\program files (x86)\arcgis\desktop10.3\ArcToolbox\Toolboxes\Data Management Tools.tbx\CalculateField" Date="20201127" Time="171727">CalculateField Estaciones_Segura_ENC Disponible 1 VB #</Process><Process ToolSource="c:\program files (x86)\arcgis\desktop10.3\ArcToolbox\Toolboxes\Data Management Tools.tbx\CalculateField" Date="20201127" Time="171743">CalculateField Estaciones_Segura_ENC Disponible 1 VB #</Process><Process ToolSource="c:\program files (x86)\arcgis\desktop10.3\ArcToolbox\Toolboxes\Data Management Tools.tbx\CalculateField" Date="20201127" Time="171802">CalculateField Estaciones_Segura_ENC Disponible 1 VB #</Process><Process ToolSource="c:\program files (x86)\arcgis\desktop10.3\ArcToolbox\Toolboxes\Data Management Tools.tbx\CalculateField" Date="20201127" Time="171822">CalculateField Estaciones_Segura_ENC Disponible 1 VB #</Process><Process ToolSource="c:\program files (x86)\arcgis\desktop10.3\ArcToolbox\Toolboxes\Data Management Tools.tbx\CalculateField" Date="20201127" Time="171835">CalculateField Estaciones_Segura_ENC Disponible 1 VB #</Process><Process ToolSource="c:\program files (x86)\arcgis\desktop10.3\ArcToolbox\Toolboxes\Data Management Tools.tbx\CalculateField" Date="20201127" Time="171853">CalculateField Estaciones_Segura_ENC Disponible 1 VB #</Process><Process ToolSource="c:\program files (x86)\arcgis\desktop10.3\ArcToolbox\Toolboxes\Data Management Tools.tbx\CalculateField" Date="20201127" Time="172038">CalculateField Estaciones_Segura_ENC Disponible 1 VB #</Process><Process ToolSource="c:\program files (x86)\arcgis\desktop10.3\ArcToolbox\Toolboxes\Data Management Tools.tbx\CalculateField" Date="20201127" Time="172120">CalculateField Estaciones_Segura_ENC Disponible 1 VB #</Process><Process ToolSource="c:\program files (x86)\arcgis\desktop10.3\ArcToolbox\Toolboxes\Data Management Tools.tbx\CalculateField" Date="20201127" Time="172137">CalculateField Estaciones_Segura_ENC Disponible 1 VB #</Process><Process ToolSource="c:\program files (x86)\arcgis\desktop10.3\ArcToolbox\Toolboxes\Data Management Tools.tbx\CalculateField" Date="20201127" Time="172154">CalculateField Estaciones_Segura_ENC Disponible 1 VB #</Process><Process ToolSource="c:\program files (x86)\arcgis\desktop10.3\ArcToolbox\Toolboxes\Data Management Tools.tbx\CalculateField" Date="20201127" Time="172212">CalculateField Estaciones_Segura_ENC Disponible 1 VB #</Process><Process ToolSource="c:\program files (x86)\arcgis\desktop10.3\ArcToolbox\Toolboxes\Data Management Tools.tbx\CalculateField" Date="20201127" Time="172225">CalculateField Estaciones_Segura_ENC Disponible 1 VB #</Process><Process ToolSource="c:\program files (x86)\arcgis\desktop10.3\ArcToolbox\Toolboxes\Data Management Tools.tbx\CalculateField" Date="20201127" Time="172244">CalculateField Estaciones_Segura_ENC Disponible 1 VB #</Process><Process ToolSource="c:\program files (x86)\arcgis\desktop10.3\ArcToolbox\Toolboxes\Data Management Tools.tbx\CalculateField" Date="20201127" Time="172301">CalculateField Estaciones_Segura_ENC Disponible 1 VB #</Process><Process ToolSource="c:\program files (x86)\arcgis\desktop10.3\ArcToolbox\Toolboxes\Data Management Tools.tbx\CalculateField" Date="20201127" Time="172319">CalculateField Estaciones_Segura_ENC Disponible 1 VB #</Process><Process ToolSource="c:\program files (x86)\arcgis\desktop10.3\ArcToolbox\Toolboxes\Data Management Tools.tbx\CalculateField" Date="20201127" Time="172339">CalculateField Estaciones_Segura_ENC Disponible 1 VB #</Process><Process ToolSource="c:\program files (x86)\arcgis\desktop10.3\ArcToolbox\Toolboxes\Data Management Tools.tbx\CalculateField" Date="20201127" Time="172355">CalculateField Estaciones_Segura_ENC Disponible 1 VB #</Process><Process ToolSource="c:\program files (x86)\arcgis\desktop10.3\ArcToolbox\Toolboxes\Data Management Tools.tbx\CalculateField" Date="20201127" Time="172413">CalculateField Estaciones_Segura_ENC Disponible 1 VB #</Process><Process ToolSource="c:\program files (x86)\arcgis\desktop10.3\ArcToolbox\Toolboxes\Data Management Tools.tbx\CalculateField" Date="20201127" Time="172434">CalculateField Estaciones_Segura_ENC Disponible 1 VB #</Process><Process ToolSource="c:\program files (x86)\arcgis\desktop10.3\ArcToolbox\Toolboxes\Data Management Tools.tbx\CalculateField" Date="20201127" Time="172459">CalculateField Estaciones_Segura_ENC Disponible 1 VB #</Process><Process ToolSource="c:\program files (x86)\arcgis\desktop10.3\ArcToolbox\Toolboxes\Data Management Tools.tbx\CalculateField" Date="20201127" Time="172517">CalculateField Estaciones_Segura_ENC Disponible 1 VB #</Process><Process ToolSource="c:\program files (x86)\arcgis\desktop10.3\ArcToolbox\Toolboxes\Data Management Tools.tbx\CalculateField" Date="20201127" Time="172533">CalculateField Estaciones_Segura_ENC Disponible 1 VB #</Process><Process ToolSource="c:\program files (x86)\arcgis\desktop10.3\ArcToolbox\Toolboxes\Data Management Tools.tbx\CalculateField" Date="20201127" Time="172556">CalculateField Estaciones_Segura_ENC Disponible 1 VB #</Process><Process ToolSource="c:\program files (x86)\arcgis\desktop10.3\ArcToolbox\Toolboxes\Data Management Tools.tbx\CalculateField" Date="20201127" Time="172637">CalculateField Estaciones_Segura_ENC Disponible 1 VB #</Process><Process ToolSource="c:\program files (x86)\arcgis\desktop10.3\ArcToolbox\Toolboxes\Data Management Tools.tbx\CalculateField" Date="20201127" Time="172708">CalculateField Estaciones_Segura_ENC Disponible 1 VB #</Process><Process ToolSource="c:\program files (x86)\arcgis\desktop10.3\ArcToolbox\Toolboxes\Data Management Tools.tbx\CalculateField" Date="20201127" Time="172736">CalculateField Estaciones_Segura_ENC Disponible 1 VB #</Process><Process ToolSource="c:\program files (x86)\arcgis\desktop10.3\ArcToolbox\Toolboxes\Data Management Tools.tbx\CalculateField" Date="20201127" Time="172757">CalculateField Estaciones_Segura_ENC Disponible 1 VB #</Process><Process ToolSource="c:\program files (x86)\arcgis\desktop10.3\ArcToolbox\Toolboxes\Data Management Tools.tbx\CalculateField" Date="20201127" Time="172806">CalculateField Estaciones_Segura_ENC Disponible 1 VB #</Process><Process ToolSource="c:\program files (x86)\arcgis\desktop10.3\ArcToolbox\Toolboxes\Data Management Tools.tbx\CalculateField" Date="20201127" Time="172828">CalculateField Estaciones_Segura_ENC Disponible 1 VB #</Process><Process ToolSource="c:\program files (x86)\arcgis\desktop10.3\ArcToolbox\Toolboxes\Data Management Tools.tbx\CalculateField" Date="20201127" Time="173038">CalculateField Estaciones_Segura_ENC Disponible 1 VB #</Process><Process ToolSource="c:\program files (x86)\arcgis\desktop10.3\ArcToolbox\Toolboxes\Data Management Tools.tbx\CalculateField" Date="20201127" Time="173053">CalculateField Estaciones_Segura_ENC Disponible 1 VB #</Process><Process ToolSource="c:\program files (x86)\arcgis\desktop10.3\ArcToolbox\Toolboxes\Data Management Tools.tbx\CalculateField" Date="20201127" Time="173109">CalculateField Estaciones_Segura_ENC Disponible 1 VB #</Process><Process ToolSource="c:\program files (x86)\arcgis\desktop10.3\ArcToolbox\Toolboxes\Data Management Tools.tbx\CalculateField" Date="20201127" Time="173127">CalculateField Estaciones_Segura_ENC Disponible 1 VB #</Process><Process ToolSource="c:\program files (x86)\arcgis\desktop10.3\ArcToolbox\Toolboxes\Data Management Tools.tbx\CalculateField" Date="20201127" Time="173140">CalculateField Estaciones_Segura_ENC Disponible 1 VB #</Process><Process ToolSource="c:\program files (x86)\arcgis\desktop10.3\ArcToolbox\Toolboxes\Data Management Tools.tbx\CalculateField" Date="20201127" Time="173157">CalculateField Estaciones_Segura_ENC Disponible 1 VB #</Process><Process ToolSource="c:\program files (x86)\arcgis\desktop10.3\ArcToolbox\Toolboxes\Data Management Tools.tbx\CalculateField" Date="20201127" Time="173215">CalculateField Estaciones_Segura_ENC Disponible 1 VB #</Process><Process ToolSource="c:\program files (x86)\arcgis\desktop10.3\ArcToolbox\Toolboxes\Data Management Tools.tbx\CalculateField" Date="20201127" Time="173230">CalculateField Estaciones_Segura_ENC Disponible 1 VB #</Process><Process ToolSource="c:\program files (x86)\arcgis\desktop10.3\ArcToolbox\Toolboxes\Data Management Tools.tbx\CalculateField" Date="20201127" Time="173248">CalculateField Estaciones_Segura_ENC Disponible 1 VB #</Process><Process ToolSource="c:\program files (x86)\arcgis\desktop10.3\ArcToolbox\Toolboxes\Data Management Tools.tbx\CalculateField" Date="20201127" Time="173305">CalculateField Estaciones_Segura_ENC Disponible 1 VB #</Process><Process ToolSource="c:\program files (x86)\arcgis\desktop10.3\ArcToolbox\Toolboxes\Data Management Tools.tbx\CalculateField" Date="20201127" Time="173325">CalculateField Estaciones_Segura_ENC Disponible 1 VB #</Process><Process ToolSource="c:\program files (x86)\arcgis\desktop10.3\ArcToolbox\Toolboxes\Data Management Tools.tbx\CalculateField" Date="20201127" Time="173340">CalculateField Estaciones_Segura_ENC Disponible 1 VB #</Process><Process ToolSource="c:\program files (x86)\arcgis\desktop10.3\ArcToolbox\Toolboxes\Data Management Tools.tbx\CalculateField" Date="20201127" Time="173354">CalculateField Estaciones_Segura_ENC Disponible 1 VB #</Process><Process ToolSource="c:\program files (x86)\arcgis\desktop10.3\ArcToolbox\Toolboxes\Data Management Tools.tbx\CalculateField" Date="20201127" Time="173411">CalculateField Estaciones_Segura_ENC Disponible 1 VB #</Process><Process ToolSource="c:\program files (x86)\arcgis\desktop10.3\ArcToolbox\Toolboxes\Data Management Tools.tbx\CalculateField" Date="20201127" Time="173428">CalculateField Estaciones_Segura_ENC Disponible 1 VB #</Process><Process ToolSource="c:\program files (x86)\arcgis\desktop10.3\ArcToolbox\Toolboxes\Data Management Tools.tbx\CalculateField" Date="20201127" Time="173446">CalculateField Estaciones_Segura_ENC Disponible 1 VB #</Process><Process ToolSource="c:\program files (x86)\arcgis\desktop10.3\ArcToolbox\Toolboxes\Data Management Tools.tbx\CalculateField" Date="20201127" Time="173501">CalculateField Estaciones_Segura_ENC Disponible 1 VB #</Process><Process ToolSource="c:\program files (x86)\arcgis\desktop10.3\ArcToolbox\Toolboxes\Data Management Tools.tbx\CalculateField" Date="20201127" Time="173522">CalculateField Estaciones_Segura_ENC Disponible 1 VB #</Process><Process ToolSource="c:\program files (x86)\arcgis\desktop10.3\ArcToolbox\Toolboxes\Data Management Tools.tbx\CalculateField" Date="20201127" Time="173544">CalculateField Estaciones_Segura_ENC Disponible 1 VB #</Process><Process ToolSource="c:\program files (x86)\arcgis\desktop10.3\ArcToolbox\Toolboxes\Data Management Tools.tbx\CalculateField" Date="20201127" Time="173558">CalculateField Estaciones_Segura_ENC Disponible 1 VB #</Process><Process ToolSource="c:\program files (x86)\arcgis\desktop10.3\ArcToolbox\Toolboxes\Data Management Tools.tbx\CalculateField" Date="20201127" Time="173624">CalculateField Estaciones_Segura_ENC Disponible 1 VB #</Process><Process ToolSource="c:\program files (x86)\arcgis\desktop10.3\ArcToolbox\Toolboxes\Data Management Tools.tbx\CalculateField" Date="20201127" Time="173643">CalculateField Estaciones_Segura_ENC Disponible 1 VB #</Process><Process ToolSource="c:\program files (x86)\arcgis\desktop10.3\ArcToolbox\Toolboxes\Data Management Tools.tbx\CalculateField" Date="20201127" Time="173654">CalculateField Estaciones_Segura_ENC Usable "No" VB #</Process><Process ToolSource="c:\program files (x86)\arcgis\desktop10.3\ArcToolbox\Toolboxes\Data Management Tools.tbx\CalculateField" Date="20201127" Time="173712">CalculateField Estaciones_Segura_ENC Disponible 1 VB #</Process><Process ToolSource="c:\program files (x86)\arcgis\desktop10.3\ArcToolbox\Toolboxes\Data Management Tools.tbx\CalculateField" Date="20201127" Time="173729">CalculateField Estaciones_Segura_ENC Disponible 1 VB #</Process><Process ToolSource="c:\program files (x86)\arcgis\desktop10.3\ArcToolbox\Toolboxes\Data Management Tools.tbx\CalculateField" Date="20201127" Time="173749">CalculateField Estaciones_Segura_ENC Disponible 1 VB #</Process><Process ToolSource="c:\program files (x86)\arcgis\desktop10.3\ArcToolbox\Toolboxes\Data Management Tools.tbx\CalculateField" Date="20201127" Time="173804">CalculateField Estaciones_Segura_ENC Disponible 1 VB #</Process><Process ToolSource="c:\program files (x86)\arcgis\desktop10.3\ArcToolbox\Toolboxes\Data Management Tools.tbx\CalculateField" Date="20201127" Time="173823">CalculateField Estaciones_Segura_ENC Disponible 1 VB #</Process><Process ToolSource="c:\program files (x86)\arcgis\desktop10.3\ArcToolbox\Toolboxes\Data Management Tools.tbx\CalculateField" Date="20201127" Time="173839">CalculateField Estaciones_Segura_ENC Disponible 1 VB #</Process><Process ToolSource="c:\program files (x86)\arcgis\desktop10.3\ArcToolbox\Toolboxes\Data Management Tools.tbx\CalculateField" Date="20201130" Time="124452">CalculateField Estaciones_Segura_ENC Disponible 2 VB #</Process><Process ToolSource="c:\program files (x86)\arcgis\desktop10.3\ArcToolbox\Toolboxes\Data Management Tools.tbx\Merge" Date="20201210" Time="101913">Merge Export_Output_3;EST_AEMET D:\SIG_SEGURA\estaciones_AEMET.shp "NOMBRE "NOMBRE" true true false 254 Text 0 0 ,First,#,Export_Output_3,NOMBRE,-1,-1,EST_AEMET,NOMBRE,-1,-1;COD_EST "COD_EST" true true false 254 Text 0 0 ,First,#,Export_Output_3,COD_EST,-1,-1,EST_AEMET,COD_EST,-1,-1;N_Orden "N_Orden" true true false 5 Short 0 5 ,First,#,Export_Output_3,N_Orden,-1,-1,EST_AEMET,N_Orden,-1,-1;Disponible "Disponible" true true false 5 Short 0 5 ,First,#,Export_Output_3,Disponible,-1,-1,EST_AEMET,Disponible,-1,-1;Usable "Usable" true true false 50 Text 0 0 ,First,#,Export_Output_3,Usable,-1,-1,EST_AEMET,Usable,-1,-1"</Process><Process ToolSource="c:\program files (x86)\arcgis\desktop10.3\ArcToolbox\Toolboxes\Data Management Tools.tbx\Merge" Date="20201217" Time="112635">Merge estaciones_AEMET;EST_RAIF_RIA D:\SIG_SEGURA\EST_PLUVIOMETRICAS.shp "NOMBRE "NOMBRE" true true false 254 Text 0 0 ,First,#,estaciones_AEMET,NOMBRE,-1,-1,EST_RAIF_RIA,NOMBRE,-1,-1;COD_EST "COD_EST" true true false 254 Text 0 0 ,First,#,estaciones_AEMET,COD_EST,-1,-1,EST_RAIF_RIA,COD_EST,-1,-1;N_Orden "N_Orden" true true false 5 Short 0 5 ,First,#,estaciones_AEMET,N_Orden,-1,-1,EST_RAIF_RIA,N_Orden,-1,-1;Disponible "Disponible" true true false 5 Short 0 5 ,First,#,estaciones_AEMET,Disponible,-1,-1,EST_RAIF_RIA,Disponible,-1,-1;Usable "Usable" true true false 50 Text 0 0 ,First,#,estaciones_AEMET,Usable,-1,-1,EST_RAIF_RIA,Usable,-1,-1;TEMP "TEMP" true true false 5 Short 0 5 ,First,#,estaciones_AEMET,TEMP,-1,-1;FINAL "FINAL" true true false 5 Short 0 5 ,First,#,estaciones_AEMET,FINAL,-1,-1"</Process><Process ToolSource="c:\program files (x86)\arcgis\desktop10.3\ArcToolbox\Toolboxes\3D Analyst Tools.tbx\AddSurfaceInformation" Date="20201217" Time="133314">AddSurfaceInformation ESTACIONES_ORDEN MDE_25_16S.tif Z BILINEAR # 1 0 NO_FILTER</Process><Process ToolSource="c:\program files (x86)\arcgis\desktop10.3\ArcToolbox\Toolboxes\Data Management Tools.tbx\CalculateField" Date="20210225" Time="131122">CalculateField ESTACIONES_ORDEN TEMP 8 VB #</Process><Process ToolSource="c:\program files (x86)\arcgis\desktop10.3\ArcToolbox\Toolboxes\Data Management Tools.tbx\CalculateField" Date="20210225" Time="131135">CalculateField ESTACIONES_ORDEN TEMP 8 VB #</Process><Process ToolSource="c:\program files (x86)\arcgis\desktop10.3\ArcToolbox\Toolboxes\Data Management Tools.tbx\CalculateField" Date="20210225" Time="133010">CalculateField ESTACIONES_ORDEN TEMP 8 VB #</Process><Process ToolSource="c:\program files (x86)\arcgis\desktop10.3\ArcToolbox\Toolboxes\Data Management Tools.tbx\CalculateField" Date="20210225" Time="133028">CalculateField ESTACIONES_ORDEN TEMP 8 VB #</Process><Process ToolSource="c:\program files (x86)\arcgis\desktop10.3\ArcToolbox\Toolboxes\Data Management Tools.tbx\CalculateField" Date="20210225" Time="133036">CalculateField ESTACIONES_ORDEN TEMP 8 VB #</Process><Process ToolSource="c:\program files (x86)\arcgis\desktop10.3\ArcToolbox\Toolboxes\Data Management Tools.tbx\CalculateField" Date="20210225" Time="133051">CalculateField ESTACIONES_ORDEN TEMP 8 VB #</Process><Process ToolSource="c:\program files (x86)\arcgis\desktop10.3\ArcToolbox\Toolboxes\3D Analyst Tools.tbx\AddSurfaceInformation" Date="20210308" Time="173737">AddSurfaceInformation ESTACIONES_LLUVIA Altitud_Rec Z BILINEAR # 1 0 NO_FILTER</Process><Process ToolSource="c:\program files (x86)\arcgis\desktop10.3\ArcToolbox\Toolboxes\3D Analyst Tools.tbx\AddSurfaceInformation" Date="20210308" Time="173932">AddSurfaceInformation ESTACIONES_LLUVIA Altitud_Rec Z BILINEAR # 1 0 NO_FILTER</Process><Process ToolSource="c:\program files (x86)\arcgis\desktop10.3\ArcToolbox\Toolboxes\Data Management Tools.tbx\CalculateField" Date="20210308" Time="174729">CalculateField ESTACIONES_LLUVIA TERMO "Embalse de la Fuensanta_7066" VB #</Process><Process ToolSource="c:\program files (x86)\arcgis\desktop10.3\ArcToolbox\Toolboxes\Data Management Tools.tbx\CalculateField" Date="20210308" Time="174800">CalculateField ESTACIONES_LLUVIA TERMO "Pantano del Tranco de Beas_5024" VB #</Process><Process ToolSource="c:\program files (x86)\arcgis\desktop10.3\ArcToolbox\Toolboxes\Data Management Tools.tbx\CalculateField" Date="20210308" Time="174836">CalculateField ESTACIONES_LLUVIA TERMO "Villacarrillo Fuente de la Higuera_5034E" VB #</Process><Process ToolSource="c:\program files (x86)\arcgis\desktop10.3\ArcToolbox\Toolboxes\Data Management Tools.tbx\CalculateField" Date="20210308" Time="174920">CalculateField ESTACIONES_LLUVIA TERMO "Cazorla Torre del Vinagre_5008I" VB #</Process><Process ToolSource="c:\program files (x86)\arcgis\desktop10.3\ArcToolbox\Toolboxes\Data Management Tools.tbx\CalculateField" Date="20210308" Time="174951">CalculateField ESTACIONES_LLUVIA TERMO "Villanueva del arzobispo Camara Agraria_5210" VB #</Process><Process ToolSource="c:\program files (x86)\arcgis\desktop10.3\ArcToolbox\Toolboxes\Data Management Tools.tbx\CalculateField" Date="20210308" Time="175042">CalculateField ESTACIONES_LLUVIA TERMO "Socovos_7081" VB #</Process><Process ToolSource="c:\program files (x86)\arcgis\desktop10.3\ArcToolbox\Toolboxes\Data Management Tools.tbx\CalculateField" Date="20210308" Time="175118">CalculateField ESTACIONES_LLUVIA TERMO "Cazorla Icona_5038" VB #</Process><Process ToolSource="c:\program files (x86)\arcgis\desktop10.3\ArcToolbox\Toolboxes\Data Management Tools.tbx\CalculateField" Date="20210308" Time="175142">CalculateField ESTACIONES_LLUVIA TERMO "Salto del Miller_7054" VB #</Process><Process ToolSource="c:\program files (x86)\arcgis\desktop10.3\ArcToolbox\Toolboxes\3D Analyst Tools.tbx\AddSurfaceInformation" Date="20210308" Time="175533">AddSurfaceInformation ESTACIONES_LLUVIA Altitud_Rec Z BILINEAR # 1 0 NO_FILTER</Process><Process ToolSource="c:\program files (x86)\arcgis\desktop10.3\ArcToolbox\Toolboxes\Analysis Tools.tbx\SpatialJoin" Date="20210308" Time="180338">SpatialJoin ESTACIONES_LLUVIA "Alt rec_pol" "D:\SIG_NUEVA_SEGURA\Puntos con altitud de poligono.shp" JOIN_ONE_TO_ONE KEEP_ALL "NOMBRE "NOMBRE" true true false 254 Text 0 0 ,First,#,ESTACIONES_LLUVIA,NOMBRE,-1,-1;COD_EST "COD_EST" true true false 254 Text 0 0 ,First,#,ESTACIONES_LLUVIA,COD_EST,-1,-1;N_Orden "N_Orden" true true false 5 Short 0 5 ,First,#,ESTACIONES_LLUVIA,N_Orden,-1,-1;Disponible "Disponible" true true false 5 Short 0 5 ,First,#,ESTACIONES_LLUVIA,Disponible,-1,-1;Usable "Usable" true true false 50 Text 0 0 ,First,#,ESTACIONES_LLUVIA,Usable,-1,-1;TEMP "TEMP" true true false 5 Short 0 5 ,First,#,ESTACIONES_LLUVIA,TEMP,-1,-1;FINAL "FINAL" true true false 5 Short 0 5 ,First,#,ESTACIONES_LLUVIA,FINAL,-1,-1;PP_HUM "PP_HUM" true true false 5 Short 0 5 ,First,#,ESTACIONES_LLUVIA,PP_HUM,-1,-1;PP_MED "PP_MED" true true false 5 Short 0 5 ,First,#,ESTACIONES_LLUVIA,PP_MED,-1,-1;PP_SEC "PP_SEC" true true false 5 Short 0 5 ,First,#,ESTACIONES_LLUVIA,PP_SEC,-1,-1;Z "Z" true true false 19 Double 0 0 ,First,#,ESTACIONES_LLUVIA,Z,-1,-1;TERMO "TERMO" true true false 150 Text 0 0 ,First,#,ESTACIONES_LLUVIA,TERMO,-1,-1;ID "ID" true true false 10 Long 0 10 ,First,#,Alt rec_pol,ID,-1,-1;GRIDCODE "GRIDCODE" true true false 10 Long 0 10 ,First,#,Alt rec_pol,GRIDCODE,-1,-1" INTERSECT # #</Process><Process ToolSource="c:\program files (x86)\arcgis\desktop10.3\ArcToolbox\Toolboxes\Data Management Tools.tbx\CalculateField" Date="20210308" Time="180616">CalculateField "Puntos con altitud de poligono" TERMO "Cabra de Santocristo Estación Huesa_5138E" VB #</Process><Process ToolSource="c:\program files (x86)\arcgis\desktop10.3\ArcToolbox\Toolboxes\Data Management Tools.tbx\CalculateField" Date="20210308" Time="180643">CalculateField "Puntos con altitud de poligono" TERMO "Beas de Segura Los Perales_5180E" VB #</Process><Process ToolSource="c:\program files (x86)\arcgis\desktop10.3\ArcToolbox\Toolboxes\Data Management Tools.tbx\CalculateField" Date="20210308" Time="180708">CalculateField "Puntos con altitud de poligono" TERMO "Molinicos_7065" VB #</Process><Process ToolSource="c:\program files (x86)\arcgis\desktop10.3\ArcToolbox\Toolboxes\Data Management Tools.tbx\CalculateField" Date="20210308" Time="180802">CalculateField "Puntos con altitud de poligono" TERMO "Moratalla Benizar_ 7080" VB #</Process><Process ToolSource="c:\program files (x86)\arcgis\desktop10.3\ArcToolbox\Toolboxes\Data Management Tools.tbx\CalculateField" Date="20210308" Time="180900">CalculateField "Puntos con altitud de poligono" TERMO "Huescar ICONA_5071E" VB #</Process><Process ToolSource="c:\program files (x86)\arcgis\desktop10.3\ArcToolbox\Toolboxes\Data Management Tools.tbx\CalculateField" Date="20210308" Time="180926">CalculateField "Puntos con altitud de poligono" TERMO "Arguellite_7059" VB #</Process><Process ToolSource="c:\program files (x86)\arcgis\desktop10.3\ArcToolbox\Toolboxes\Data Management Tools.tbx\CalculateField" Date="20210308" Time="180955">CalculateField "Puntos con altitud de poligono" TERMO "Riopar Fabricas_7085" VB #</Process><Process ToolSource="c:\program files (x86)\arcgis\desktop10.3\ArcToolbox\Toolboxes\Data Management Tools.tbx\CalculateField" Date="20210308" Time="181055">CalculateField "Puntos con altitud de poligono" TERMO "Pantano de la Bolera_5090" VB #</Process><Process ToolSource="c:\program files (x86)\arcgis\desktop10.3\ArcToolbox\Toolboxes\Data Management Tools.tbx\CalculateField" Date="20210308" Time="181124">CalculateField "Puntos con altitud de poligono" TERMO "Castril Las Pocas_5053E" VB #</Process><Process ToolSource="c:\program files (x86)\arcgis\desktop10.3\ArcToolbox\Toolboxes\Data Management Tools.tbx\CalculateField" Date="20210308" Time="181155">CalculateField "Puntos con altitud de poligono" TERMO "Moratalla Casas de Alfaro_ 7069C" VB #</Process><Process ToolSource="c:\program files (x86)\arcgis\desktop10.3\ArcToolbox\Toolboxes\Data Management Tools.tbx\CalculateField" Date="20210308" Time="181217">CalculateField "Puntos con altitud de poligono" TERMO "Cazorla Nava de San Pedro_ 5085" VB #</Process><Process ToolSource="c:\program files (x86)\arcgis\desktop10.3\ArcToolbox\Toolboxes\Data Management Tools.tbx\CalculateField" Date="20210308" Time="181325">CalculateField "Puntos con altitud de poligono" TERMO "Pontones CH Segura_ 7045" VB #</Process><Process ToolSource="c:\program files (x86)\arcgis\desktop10.3\ArcToolbox\Toolboxes\Data Management Tools.tbx\CalculateField" Date="20210308" Time="181349">CalculateField "Puntos con altitud de poligono" TERMO "Santiago de la Espada_7056" VB #</Process><Process ToolSource="c:\program files (x86)\arcgis\desktop10.3\ArcToolbox\Toolboxes\3D Analyst Tools.tbx\AddSurfaceInformation" Date="20210317" Time="115833">AddSurfaceInformation "Puntos con altitud de poligono" MDE_TODO.tif Z BILINEAR # 1 0 NO_FILTER</Process><Process ToolSource="c:\program files (x86)\arcgis\desktop10.3\ArcToolbox\Toolboxes\3D Analyst Tools.tbx\AddSurfaceInformation" Date="20210317" Time="120109">AddSurfaceInformation "Puntos con altitud de poligono" MDE_TODO.tif Z BILINEAR # 1 0 NO_FILTER</Process><Process ToolSource="c:\program files (x86)\arcgis\desktop10.3\ArcToolbox\Toolboxes\3D Analyst Tools.tbx\AddSurfaceInformation" Date="20210317" Time="120437">AddSurfaceInformation "Puntos con altitud de poligono" MDE_TODO.tif Z BILINEAR # 1 0 NO_FILTER</Process><Process ToolSource="c:\program files (x86)\arcgis\desktop10.3\ArcToolbox\Toolboxes\3D Analyst Tools.tbx\AddSurfaceInformation" Date="20210317" Time="120653">AddSurfaceInformation "Puntos con altitud de poligono" MDE_TODO.tif Z BILINEAR # 1 0 NO_FILTER</Process><Process ToolSource="c:\program files (x86)\arcgis\desktop10.3\ArcToolbox\Toolboxes\3D Analyst Tools.tbx\AddSurfaceInformation" Date="20210317" Time="121119">AddSurfaceInformation "Puntos con altitud de poligono" MDE_TODO.tif Z BILINEAR # 1 0 NO_FILTER</Process><Process ToolSource="c:\program files (x86)\arcgis\desktop10.3\ArcToolbox\Toolboxes\Data Management Tools.tbx\CalculateField" Date="20210317" Time="121148">CalculateField "Puntos con altitud de poligono" Parametro 88
 VB #</Process><Process ToolSource="c:\program files (x86)\arcgis\desktop10.3\ArcToolbox\Toolboxes\Data Management Tools.tbx\CalculateField" Date="20210317" Time="121708">CalculateField "Puntos con altitud de poligono" Clemente 88
 VB #</Process><Process ToolSource="c:\program files (x86)\arcgis\desktop10.3\ArcToolbox\Toolboxes\Data Management Tools.tbx\CalculateField" Date="20210317" Time="121900">CalculateField "Puntos con altitud de poligono" Parametro 66 VB #</Process><Process ToolSource="c:\program files (x86)\arcgis\desktop10.3\ArcToolbox\Toolboxes\Data Management Tools.tbx\CalculateField" Date="20210317" Time="121923">CalculateField "Puntos con altitud de poligono" Parametro 6688 VB #</Process><Process ToolSource="c:\program files (x86)\arcgis\desktop10.3\ArcToolbox\Toolboxes\Data Management Tools.tbx\CalculateField" Date="20210317" Time="122400">CalculateField "Puntos con altitud de poligono" Parametro 55 VB #</Process><Process ToolSource="c:\program files (x86)\arcgis\desktop10.3\ArcToolbox\Toolboxes\Data Management Tools.tbx\CalculateField" Date="20210317" Time="122658">CalculateField "Puntos con altitud de poligono" Clemente 777 VB #</Process><Process ToolSource="c:\program files (x86)\arcgis\desktop10.3\ArcToolbox\Toolboxes\Data Management Tools.tbx\CalculateField" Date="20210317" Time="124829">CalculateField "Puntos con altitud de poligono" TR2 1 VB #</Process><Process ToolSource="c:\program files (x86)\arcgis\desktop10.3\ArcToolbox\Toolboxes\Data Management Tools.tbx\CalculateField" Date="20210317" Time="124938">CalculateField "Puntos con altitud de poligono" TR3 1 VB #</Process><Process ToolSource="c:\program files (x86)\arcgis\desktop10.3\ArcToolbox\Toolboxes\Data Management Tools.tbx\CalculateField" Date="20210317" Time="125002">CalculateField "Puntos con altitud de poligono" TR1 1 VB #</Process><Process ToolSource="c:\program files (x86)\arcgis\desktop10.3\ArcToolbox\Toolboxes\Data Management Tools.tbx\CalculateField" Date="20210317" Time="125545">CalculateField "Puntos con altitud de poligono" Clemente 0 VB #</Process><Process ToolSource="c:\program files (x86)\arcgis\desktop10.3\ArcToolbox\Toolboxes\Data Management Tools.tbx\CalculateField" Date="20210317" Time="125600">CalculateField "Puntos con altitud de poligono" Clemente 0 VB #</Process><Process ToolSource="c:\program files (x86)\arcgis\desktop10.3\ArcToolbox\Toolboxes\Data Management Tools.tbx\CalculateField" Date="20210317" Time="125605">CalculateField "Puntos con altitud de poligono" TR2 0 VB #</Process><Process ToolSource="c:\program files (x86)\arcgis\desktop10.3\ArcToolbox\Toolboxes\Data Management Tools.tbx\CalculateField" Date="20210317" Time="125609">CalculateField "Puntos con altitud de poligono" TR3 0 VB #</Process><Process ToolSource="c:\program files (x86)\arcgis\desktop10.3\ArcToolbox\Toolboxes\Data Management Tools.tbx\CalculateField" Date="20210317" Time="125613">CalculateField "Puntos con altitud de poligono" TR1 0 VB #</Process><Process ToolSource="c:\program files (x86)\arcgis\desktop10.3\ArcToolbox\Toolboxes\Data Management Tools.tbx\CalculateField" Date="20210317" Time="130234">CalculateField "Puntos con altitud de poligono" TR2 1 VB #</Process><Process ToolSource="c:\program files (x86)\arcgis\desktop10.3\ArcToolbox\Toolboxes\Data Management Tools.tbx\CalculateField" Date="20210317" Time="130449">CalculateField "Puntos con altitud de poligono" TR3 1 VB #</Process><Process ToolSource="c:\program files (x86)\arcgis\desktop10.3\ArcToolbox\Toolboxes\Data Management Tools.tbx\CalculateField" Date="20210317" Time="131815">CalculateField "Puntos con altitud de poligono" TR2 2 VB #</Process><Process ToolSource="c:\program files (x86)\arcgis\desktop10.3\ArcToolbox\Toolboxes\Data Management Tools.tbx\CalculateField" Date="20210317" Time="134858">CalculateField "Puntos con altitud de poligono" TR2 3 VB #</Process><Process ToolSource="c:\program files (x86)\arcgis\desktop10.3\ArcToolbox\Toolboxes\3D Analyst Tools.tbx\AddSurfaceInformation" Date="20210317" Time="162605">AddSurfaceInformation "Puntos con altitud de poligono" D:\SIG_SEGURA\MDE_TODO.tif Z BILINEAR # 1 0 NO_FILTER</Process><Process ToolSource="c:\program files (x86)\arcgis\desktop10.3\ArcToolbox\Toolboxes\3D Analyst Tools.tbx\AddSurfaceInformation" Date="20210317" Time="162727">AddSurfaceInformation "Puntos con altitud de poligono" D:\SIG_SEGURA\MDE_TODO.tif Z BILINEAR # 1 0 NO_FILTER</Process><Process ToolSource="c:\program files (x86)\arcgis\desktop10.3\ArcToolbox\Toolboxes\Data Management Tools.tbx\CalculateField" Date="20210317" Time="165424">CalculateField "Puntos con altitud de poligono" Barlovento 1 VB #</Process><Process ToolSource="c:\program files (x86)\arcgis\desktop10.3\ArcToolbox\Toolboxes\Data Management Tools.tbx\CalculateField" Date="20210317" Time="165546">CalculateField "Puntos con altitud de poligono" Sotavento 1 VB #</Process><Process ToolSource="c:\program files (x86)\arcgis\desktop10.3\ArcToolbox\Toolboxes\Data Management Tools.tbx\CalculateField" Date="20210317" Time="165641">CalculateField "Puntos con altitud de poligono" Barlovento 2 VB #</Process><Process ToolSource="c:\program files (x86)\arcgis\desktop10.3\ArcToolbox\Toolboxes\Data Management Tools.tbx\CalculateField" Date="20210317" Time="165746">CalculateField "Puntos con altitud de poligono" Barlovento 13 VB #</Process><Process ToolSource="c:\program files (x86)\arcgis\desktop10.3\ArcToolbox\Toolboxes\Data Management Tools.tbx\CalculateField" Date="20210317" Time="165754">CalculateField "Puntos con altitud de poligono" Barlovento 23 VB #</Process></lineage><itemProps><itemName Sync="TRUE">Puntos con altitud de poligono</itemName><imsContentType Sync="TRUE">002</imsContentType><itemSize Sync="TRUE">0.000</itemSize><itemLocation><linkage Sync="TRUE">file://\\GRZ\G$\3_Trash\almacén\Escritorio 27042021\MASA SIERRA SEGURA\Isoyetas_Medio_Segura\commondata\sig_nueva_segura\Puntos con altitud de poligono</linkage><protocol Sync="TRUE">Local Area Network</protocol></itemLocation></itemProps><coordRef><type Sync="TRUE">Projected</type><geogcsn Sync="TRUE">GCS_ETRS_1989</geogcsn><csUnits Sync="TRUE">Linear Unit: Meter (1.000000)</csUnits><projcsn Sync="TRUE">ETRS_1989_UTM_Zone_30N</projcsn><peXml Sync="TRUE">&lt;ProjectedCoordinateSystem xsi:type='typens:ProjectedCoordinateSystem' xmlns:xsi='http://www.w3.org/2001/XMLSchema-instance' xmlns:xs='http://www.w3.org/2001/XMLSchema' xmlns:typens='http://www.esri.com/schemas/ArcGIS/10.3'&gt;&lt;WKT&gt;PROJCS[&amp;quot;ETRS_1989_UTM_Zone_30N&amp;quot;,GEOGCS[&amp;quot;GCS_ETRS_1989&amp;quot;,DATUM[&amp;quot;D_ETRS_1989&amp;quot;,SPHEROID[&amp;quot;GRS_1980&amp;quot;,6378137.0,298.257222101]],PRIMEM[&amp;quot;Greenwich&amp;quot;,0.0],UNIT[&amp;quot;Degree&amp;quot;,0.0174532925199433]],PROJECTION[&amp;quot;Transverse_Mercator&amp;quot;],PARAMETER[&amp;quot;False_Easting&amp;quot;,500000.0],PARAMETER[&amp;quot;False_Northing&amp;quot;,0.0],PARAMETER[&amp;quot;Central_Meridian&amp;quot;,-3.0],PARAMETER[&amp;quot;Scale_Factor&amp;quot;,0.9996],PARAMETER[&amp;quot;Latitude_Of_Origin&amp;quot;,0.0],UNIT[&amp;quot;Meter&amp;quot;,1.0],AUTHORITY[&amp;quot;EPSG&amp;quot;,25830]]&lt;/WKT&gt;&lt;XOrigin&gt;-5120900&lt;/XOrigin&gt;&lt;YOrigin&gt;-9998100&lt;/YOrigin&gt;&lt;XYScale&gt;450445547.3910538&lt;/XYScale&gt;&lt;ZOrigin&gt;-100000&lt;/ZOrigin&gt;&lt;ZScale&gt;10000&lt;/ZScale&gt;&lt;MOrigin&gt;-100000&lt;/MOrigin&gt;&lt;MScale&gt;10000&lt;/MScale&gt;&lt;XYTolerance&gt;0.001&lt;/XYTolerance&gt;&lt;ZTolerance&gt;0.001&lt;/ZTolerance&gt;&lt;MTolerance&gt;0.001&lt;/MTolerance&gt;&lt;HighPrecision&gt;true&lt;/HighPrecision&gt;&lt;WKID&gt;25830&lt;/WKID&gt;&lt;LatestWKID&gt;25830&lt;/LatestWKID&gt;&lt;/ProjectedCoordinateSystem&gt;</peXml></coordRef><copyHistory><copy source="D:\SIG_NUEVA_SEGURA\Puntos con altitud de poligono" dest="\\GRZ\G$\3_Trash\almacén\Escritorio 27042021\MASA SIERRA SEGURA\Isoyetas_Medio_Segura\commondata\sig_nueva_segura\Puntos con altitud de poligono" date="20210507" time="20030500"></copy></copyHistory></DataProperties><SyncDate>20210308</SyncDate><SyncTime>18033700</SyncTime><ModDate>20210308</ModDate><ModTime>18033700</ModTime></Esri><dataIdInfo><envirDesc Sync="TRUE">Microsoft Windows 7 Version 6.1 (Build 7601) Service Pack 1; Esri ArcGIS 10.3.0.4284</envirDesc><dataLang><languageCode value="spa" Sync="TRUE"></languageCode><countryCode value="ESP" Sync="TRUE"></countryCode></dataLang><idCitation><resTitle Sync="TRUE">Puntos con altitud de poligono</resTitle><presForm><PresFormCd value="005" Sync="TRUE"></PresFormCd></presForm></idCitation><spatRpType><SpatRepTypCd value="001" Sync="TRUE"></SpatRepTypCd></spatRpType></dataIdInfo><mdLang><languageCode value="spa" Sync="TRUE"></languageCode><countryCode value="ESP" Sync="TRUE"></countryCode></mdLang><mdChar><CharSetCd value="004" Sync="TRUE"></CharSetCd></mdChar><distInfo><distFormat><formatName Sync="TRUE">Shapefile</formatName></distFormat><distTranOps><transSize Sync="TRUE">0.000</transSize></distTranOps></distInfo><mdHrLv><ScopeCd value="005" Sync="TRUE"></ScopeCd></mdHrLv><mdHrLvName Sync="TRUE">dataset</mdHrLvName><refSysInfo><RefSystem><refSysID><identCode code="25830" Sync="TRUE"></identCode><idCodeSpace Sync="TRUE">EPSG</idCodeSpace><idVersion Sync="TRUE">8.2.6</idVersion></refSysID></RefSystem></refSysInfo><spatRepInfo><VectSpatRep><geometObjs Name="Puntos con altitud de poligono"><geoObjTyp><GeoObjTypCd value="004" Sync="TRUE"></GeoObjTypCd></geoObjTyp><geoObjCnt Sync="TRUE">0</geoObjCnt></geometObjs><topLvl><TopoLevCd value="001" Sync="TRUE"></TopoLevCd></topLvl></VectSpatRep></spatRepInfo><spdoinfo><ptvctinf><esriterm Name="Puntos con altitud de poligono"><efeatyp Sync="TRUE">Simple</efeatyp><efeageom code="1" Sync="TRUE"></efeageom><esritopo Sync="TRUE">FALSE</esritopo><efeacnt Sync="TRUE">0</efeacnt><spindex Sync="TRUE">FALSE</spindex><linrefer Sync="TRUE">FALSE</linrefer></esriterm></ptvctinf></spdoinfo><eainfo><detailed Name="Puntos con altitud de poligono"><enttyp><enttypl Sync="TRUE">Puntos con altitud de poligono</enttypl><enttypt Sync="TRUE">Feature Class</enttypt><enttypc Sync="TRUE">0</enttypc></enttyp><attr><attrlabl Sync="TRUE">FID</attrlabl><attalias Sync="TRUE">FID</attalias><attrtype Sync="TRUE">OID</attrtype><attwidth Sync="TRUE">4</attwidth><atprecis Sync="TRUE">0</atprecis><attscale Sync="TRUE">0</attscale><attrdef Sync="TRUE">Internal feature number.</attrdef><attrdefs Sync="TRUE">Esri</attrdefs><attrdomv><udom Sync="TRUE">Sequential unique whole numbers that are automatically generated.</udom></attrdomv></attr><attr><attrlabl Sync="TRUE">Shape</attrlabl><attalias Sync="TRUE">Shape</attalias><attrtype Sync="TRUE">Geometry</attrtype><attwidth Sync="TRUE">0</attwidth><atprecis Sync="TRUE">0</atprecis><attscale Sync="TRUE">0</attscale><attrdef Sync="TRUE">Feature geometry.</attrdef><attrdefs Sync="TRUE">Esri</attrdefs><attrdomv><udom Sync="TRUE">Coordinates defining the features.</udom></attrdomv></attr><attr><attrlabl Sync="TRUE">Join_Count</attrlabl><attalias Sync="TRUE">Join_Count</attalias><attrtype Sync="TRUE">Integer</attrtype><attwidth Sync="TRUE">10</attwidth><atprecis Sync="TRUE">10</atprecis><attscale Sync="TRUE">0</attscale></attr><attr><attrlabl Sync="TRUE">TARGET_FID</attrlabl><attalias Sync="TRUE">TARGET_FID</attalias><attrtype Sync="TRUE">Integer</attrtype><attwidth Sync="TRUE">10</attwidth><atprecis Sync="TRUE">10</atprecis><attscale Sync="TRUE">0</attscale></attr><attr><attrlabl Sync="TRUE">NOMBRE</attrlabl><attalias Sync="TRUE">NOMBRE</attalias><attrtype Sync="TRUE">String</attrtype><attwidth Sync="TRUE">254</attwidth><atprecis Sync="TRUE">0</atprecis><attscale Sync="TRUE">0</attscale></attr><attr><attrlabl Sync="TRUE">COD_EST</attrlabl><attalias Sync="TRUE">COD_EST</attalias><attrtype Sync="TRUE">String</attrtype><attwidth Sync="TRUE">254</attwidth><atprecis Sync="TRUE">0</atprecis><attscale Sync="TRUE">0</attscale></attr><attr><attrlabl Sync="TRUE">N_Orden</attrlabl><attalias Sync="TRUE">N_Orden</attalias><attrtype Sync="TRUE">SmallInteger</attrtype><attwidth Sync="TRUE">5</attwidth><atprecis Sync="TRUE">5</atprecis><attscale Sync="TRUE">0</attscale></attr><attr><attrlabl Sync="TRUE">Disponible</attrlabl><attalias Sync="TRUE">Disponible</attalias><attrtype Sync="TRUE">SmallInteger</attrtype><attwidth Sync="TRUE">5</attwidth><atprecis Sync="TRUE">5</atprecis><attscale Sync="TRUE">0</attscale></attr><attr><attrlabl Sync="TRUE">Usable</attrlabl><attalias Sync="TRUE">Usable</attalias><attrtype Sync="TRUE">String</attrtype><attwidth Sync="TRUE">50</attwidth><atprecis Sync="TRUE">0</atprecis><attscale Sync="TRUE">0</attscale></attr><attr><attrlabl Sync="TRUE">TEMP</attrlabl><attalias Sync="TRUE">TEMP</attalias><attrtype Sync="TRUE">SmallInteger</attrtype><attwidth Sync="TRUE">5</attwidth><atprecis Sync="TRUE">5</atprecis><attscale Sync="TRUE">0</attscale></attr><attr><attrlabl Sync="TRUE">FINAL</attrlabl><attalias Sync="TRUE">FINAL</attalias><attrtype Sync="TRUE">SmallInteger</attrtype><attwidth Sync="TRUE">5</attwidth><atprecis Sync="TRUE">5</atprecis><attscale Sync="TRUE">0</attscale></attr><attr><attrlabl Sync="TRUE">PP_HUM</attrlabl><attalias Sync="TRUE">PP_HUM</attalias><attrtype Sync="TRUE">SmallInteger</attrtype><attwidth Sync="TRUE">5</attwidth><atprecis Sync="TRUE">5</atprecis><attscale Sync="TRUE">0</attscale></attr><attr><attrlabl Sync="TRUE">PP_MED</attrlabl><attalias Sync="TRUE">PP_MED</attalias><attrtype Sync="TRUE">SmallInteger</attrtype><attwidth Sync="TRUE">5</attwidth><atprecis Sync="TRUE">5</atprecis><attscale Sync="TRUE">0</attscale></attr><attr><attrlabl Sync="TRUE">PP_SEC</attrlabl><attalias Sync="TRUE">PP_SEC</attalias><attrtype Sync="TRUE">SmallInteger</attrtype><attwidth Sync="TRUE">5</attwidth><atprecis Sync="TRUE">5</atprecis><attscale Sync="TRUE">0</attscale></attr><attr><attrlabl Sync="TRUE">Z</attrlabl><attalias Sync="TRUE">Z</attalias><attrtype Sync="TRUE">Double</attrtype><attwidth Sync="TRUE">19</attwidth><atprecis Sync="TRUE">0</atprecis><attscale Sync="TRUE">0</attscale></attr><attr><attrlabl Sync="TRUE">TERMO</attrlabl><attalias Sync="TRUE">TERMO</attalias><attrtype Sync="TRUE">String</attrtype><attwidth Sync="TRUE">150</attwidth><atprecis Sync="TRUE">0</atprecis><attscale Sync="TRUE">0</attscale></attr><attr><attrlabl Sync="TRUE">ID</attrlabl><attalias Sync="TRUE">ID</attalias><attrtype Sync="TRUE">Integer</attrtype><attwidth Sync="TRUE">10</attwidth><atprecis Sync="TRUE">10</atprecis><attscale Sync="TRUE">0</attscale></attr><attr><attrlabl Sync="TRUE">GRIDCODE</attrlabl><attalias Sync="TRUE">GRIDCODE</attalias><attrtype Sync="TRUE">Integer</attrtype><attwidth Sync="TRUE">10</attwidth><atprecis Sync="TRUE">10</atprecis><attscale Sync="TRUE">0</attscale></attr></detailed></eainfo><mdDateSt Sync="TRUE">20210308</mdDateSt></metadata>
